job_id,split,threshold,precision,recall,f1,predicted_positive_rows,selected
accident_h1,validation_assessment,0.0043400432,0.0092956469,1,0.0184200674,13232,False
accident_h1,validation_assessment,0.0055081749,0.0090391189,0.9674796748,0.017910897,13165,False
accident_h1,validation_assessment,0.0057484599,0.009084663,0.9674796748,0.0180003025,13099,False
accident_h1,validation_assessment,0.005891577,0.00905394,0.9593495935,0.0179385832,13033,False
accident_h1,validation_assessment,0.0059914845,0.0091000231,0.9593495935,0.0180290298,12967,False
accident_h1,validation_assessment,0.0060671453,0.0090690644,0.9512195122,0.0179668305,12901,False
accident_h1,validation_assessment,0.0061490199,0.0090377873,0.9430894309,0.0179039975,12835,False
accident_h1,validation_assessment,0.00621634,0.009085213,0.9430894309,0.0179970522,12768,False
accident_h1,validation_assessment,0.0062880193,0.0091324201,0.9430894309,0.0180896686,12702,False
accident_h1,validation_assessment,0.0063445742,0.0091009813,0.9349593496,0.0180264911,12636,False
accident_h1,validation_assessment,0.0063991664,0.0090692124,0.9268292683,0.0179626566,12570,False
accident_h1,validation_assessment,0.0064452341,0.0091170825,0.9268292683,0.0180565455,12504,False
accident_h1,validation_assessment,0.0064871702,0.0091654607,0.9268292683,0.0181514211,12438,False
accident_h1,validation_assessment,0.0065284935,0.0090534314,0.9105691057,0.0179286057,12371,False
accident_h1,validation_assessment,0.0065696745,0.0089394555,0.8943089431,0.0177019633,12305,False
accident_h1,validation_assessment,0.0066011155,0.0089876624,0.8943089431,0.0177964731,12239,False
accident_h1,validation_assessment,0.006631454,0.009036392,0.8943089431,0.0178919974,12173,False
accident_h1,validation_assessment,0.006663339,0.0090856529,0.8943089431,0.0179885527,12107,False
accident_h1,validation_assessment,0.0066907752,0.0091354539,0.8943089431,0.0180861559,12041,False
accident_h1,validation_assessment,0.0067130777,0.0091858038,0.8943089431,0.0181848239,11975,False
accident_h1,validation_assessment,0.0067457313,0.0091535102,0.8861788618,0.018119857,11908,False
accident_h1,validation_assessment,0.0067668318,0.0092045263,0.8861788618,0.0182198078,11842,False
accident_h1,validation_assessment,0.0067877725,0.0092561141,0.8861788618,0.0183208673,11776,False
accident_h1,validation_assessment,0.0068094156,0.0093082835,0.8861788618,0.0184230542,11710,False
accident_h1,validation_assessment,0.0068301332,0.0093610443,0.8861788618,0.0185263874,11644,False
accident_h1,validation_assessment,0.0068520376,0.0094144066,0.8861788618,0.0186308862,11578,False
accident_h1,validation_assessment,0.0068783204,0.0094692034,0.8861788618,0.0187381812,11511,False
accident_h1,validation_assessment,0.0069022737,0.0095238095,0.8861788618,0.0188450899,11445,False
accident_h1,validation_assessment,0.0069273493,0.0095790491,0.8861788618,0.0189532255,11379,False
accident_h1,validation_assessment,0.0069464867,0.0096349333,0.8861788618,0.0190626093,11313,False
accident_h1,validation_assessment,0.0069681469,0.0096914733,0.8861788618,0.019173263,11247,False
accident_h1,validation_assessment,0.006986557,0.0096592434,0.8780487805,0.0191082803,11181,False
accident_h1,validation_assessment,0.0070108028,0.0097165992,0.8780487805,0.0192205019,11115,False
accident_h1,validation_assessment,0.007029315,0.009775525,0.8780487805,0.0193357801,11048,False
accident_h1,validation_assessment,0.0070463682,0.0098342743,0.8780487805,0.0194506979,10982,False
accident_h1,validation_assessment,0.007063649,0.009893734,0.8780487805,0.0195669898,10916,False
accident_h1,validation_assessment,0.0070812178,0.0099539171,0.8780487805,0.0196846806,10850,False
accident_h1,validation_assessment,0.0071005445,0.0100148368,0.8780487805,0.0198037957,10784,False
accident_h1,validation_assessment,0.0071203505,0.0099832058,0.8699186992,0.0197398764,10718,False
accident_h1,validation_assessment,0.0071379622,0.0100460051,0.8699186992,0.0198626323,10651,False
accident_h1,validation_assessment,0.007156396,0.0099196977,0.8536585366,0.0196115054,10585,False
accident_h1,validation_assessment,0.0071726754,0.0099819374,0.8536585366,0.0197331329,10519,False
accident_h1,validation_assessment,0.0071887951,0.0100449632,0.8536585366,0.0198562784,10453,False
accident_h1,validation_assessment,0.0072085801,0.0101087898,0.8536585366,0.0199809705,10387,False
accident_h1,validation_assessment,0.007225021,0.0101734328,0.8536585366,0.0201072386,10321,False
accident_h1,validation_assessment,0.0072397159,0.0101413944,0.8455284553,0.0200423974,10255,False
accident_h1,validation_assessment,0.0072570287,0.0102080879,0.8455284553,0.0201726312,10188,False
accident_h1,validation_assessment,0.0072743723,0.0102746493,0.8455284553,0.0203025866,10122,False
accident_h1,validation_assessment,0.0072875641,0.0102426412,0.837398374,0.0202377444,10056,False
accident_h1,validation_assessment,0.0073024881,0.0102102102,0.8292682927,0.0201720558,9990,False
accident_h1,validation_assessment,0.0073158364,0.0101773478,0.8211382114,0.0201055041,9924,False
accident_h1,validation_assessment,0.0073321273,0.0101440454,0.8130081301,0.0200380723,9858,False
accident_h1,validation_assessment,0.0073444165,0.0102134613,0.8130081301,0.020173492,9791,False
accident_h1,validation_assessment,0.0073568298,0.0102827763,0.8130081301,0.0203086921,9725,False
accident_h1,validation_assessment,0.007373806,0.0103530386,0.8130081301,0.0204457166,9659,False
accident_h1,validation_assessment,0.0073881259,0.010320025,0.8048780488,0.0203787567,9593,False
accident_h1,validation_assessment,0.0074016696,0.0103915188,0.8048780488,0.0205181347,9527,False
accident_h1,validation_assessment,0.0074160005,0.0103583131,0.7967479675,0.0204507513,9461,False
accident_h1,validation_assessment,0.0074309161,0.0103246408,0.7886178862,0.0203824333,9395,False
accident_h1,validation_assessment,0.0074441719,0.0103987993,0.7886178862,0.0205269284,9328,False
accident_h1,validation_assessment,0.0074590618,0.0104729,0.7886178862,0.020671284,9262,False
accident_h1,validation_assessment,0.0074769639,0.0103305785,0.7723577236,0.0203884537,9196,False
accident_h1,validation_assessment,0.0074907083,0.0104052574,0.7723577236,0.0205338809,9130,False
accident_h1,validation_assessment,0.0075041601,0.0103706973,0.7642276423,0.0204636987,9064,False
accident_h1,validation_assessment,0.0075213282,0.0104467659,0.7642276423,0.020611775,8998,False
accident_h1,validation_assessment,0.007536617,0.0105251372,0.7642276423,0.0207643031,8931,False
accident_h1,validation_assessment,0.007548904,0.0106034969,0.7642276423,0.0209167779,8865,False
accident_h1,validation_assessment,0.0075635188,0.0105693829,0.756097561,0.0208473436,8799,False
accident_h1,validation_assessment,0.0075792021,0.0106492614,0.756097561,0.02100271,8733,False
accident_h1,validation_assessment,0.0075899569,0.0107303565,0.756097561,0.0211604096,8667,False
accident_h1,validation_assessment,0.0076082735,0.0106964306,0.7479674797,0.0210912425,8601,False
accident_h1,validation_assessment,0.0076225219,0.0106632294,0.7398373984,0.0210234492,8534,False
accident_h1,validation_assessment,0.0076370507,0.0107463392,0.7398373984,0.021184961,8468,False
accident_h1,validation_assessment,0.007652506,0.0108307546,0.7398373984,0.0213489736,8402,False
accident_h1,validation_assessment,0.0076658952,0.0109165067,0.7398373984,0.0215155456,8336,False
accident_h1,validation_assessment,0.0076822063,0.0108827086,0.7317073171,0.0214464435,8270,False
accident_h1,validation_assessment,0.0076938391,0.0108483667,0.7235772358,0.0213762459,8204,False
accident_h1,validation_assessment,0.0077098923,0.010936348,0.7235772358,0.0215470282,8138,False
accident_h1,validation_assessment,0.0077224287,0.0109032338,0.7154471545,0.0214791311,8071,False
accident_h1,validation_assessment,0.0077346819,0.0109931293,0.7154471545,0.0216535433,8005,False
accident_h1,validation_assessment,0.0077463826,0.010958559,0.7073170732,0.0215827338,7939,False
accident_h1,validation_assessment,0.0077619773,0.0110504255,0.7073170732,0.0217608804,7873,False
accident_h1,validation_assessment,0.0077788901,0.0110157551,0.6991869919,0.0216897856,7807,False
accident_h1,validation_assessment,0.0077944216,0.0107221289,0.674796748,0.0211088505,7741,False
accident_h1,validation_assessment,0.0078082228,0.0108157415,0.674796748,0.0212902398,7674,False
accident_h1,validation_assessment,0.0078213098,0.0109095689,0.674796748,0.0214719959,7608,False
accident_h1,validation_assessment,0.0078343058,0.0110050385,0.674796748,0.0216568819,7542,False
accident_h1,validation_assessment,0.0078505899,0.0108346709,0.6585365854,0.0213185946,7476,False
accident_h1,validation_assessment,0.0078654591,0.0109311741,0.6585365854,0.0215053763,7410,False
accident_h1,validation_assessment,0.0078805489,0.0110294118,0.6585365854,0.02169546,7344,False
accident_h1,validation_assessment,0.0078961409,0.0109920308,0.6504065041,0.0216187002,7278,False
accident_h1,validation_assessment,0.0079098761,0.0110941617,0.6504065041,0.0218161985,7211,False
accident_h1,validation_assessment,0.0079262128,0.011196641,0.6504065041,0.0220143093,7145,False
accident_h1,validation_assessment,0.0079417905,0.0113010312,0.6504065041,0.0222160511,7079,False
accident_h1,validation_assessment,0.0079553978,0.011264794,0.6422764228,0.0221412556,7013,False
accident_h1,validation_assessment,0.0079738339,0.0113718152,0.6422764228,0.0223479491,6947,False
accident_h1,validation_assessment,0.0079874011,0.0114808894,0.6422764228,0.022558538,6881,False
accident_h1,validation_assessment,0.00800036,0.0115937775,0.6422764228,0.0227764163,6814,False
accident_h1,validation_assessment,0.0080167854,0.0117071725,0.6422764228,0.0229951972,6748,False
accident_h1,validation_assessment,0.0080304601,0.0116731518,0.6341463415,0.0229243204,6682,False
accident_h1,validation_assessment,0.0080497711,0.011789601,0.6341463415,0.0231488351,6616,False
accident_h1,validation_assessment,0.0080618451,0.0119083969,0.6341463415,0.0233777911,6550,False
accident_h1,validation_assessment,0.008078031,0.0118753856,0.6260162602,0.0233086121,6484,False
accident_h1,validation_assessment,0.0080991478,0.0118416952,0.6178861789,0.023238037,6418,False
accident_h1,validation_assessment,0.0081198235,0.0119666194,0.6178861789,0.0234785295,6351,False
accident_h1,validation_assessment,0.0081349515,0.0120922832,0.6178861789,0.0237203496,6285,False
accident_h1,validation_assessment,0.0081515729,0.0120598167,0.6097560976,0.0236518448,6219,False
accident_h1,validation_assessment,0.0081721071,0.0120266537,0.6016260163,0.0235818993,6153,False
accident_h1,validation_assessment,0.0081897174,0.012157056,0.6016260163,0.0238325282,6087,False
accident_h1,validation_assessment,0.008206652,0.0121242319,0.593495935,0.0237630208,6021,False
accident_h1,validation_assessment,0.0082261052,0.0117568021,0.5691056911,0.0230376831,5954,False
accident_h1,validation_assessment,0.0082443572,0.01171875,0.5609756098,0.0229579105,5888,False
accident_h1,validation_assessment,0.008262367,0.0118515974,0.5609756098,0.0232127839,5822,False
accident_h1,validation_assessment,0.0082816652,0.0118137596,0.5528455285,0.0231331859,5756,False
accident_h1,validation_assessment,0.0083021498,0.0119507909,0.5528455285,0.0233958369,5690,False
accident_h1,validation_assessment,0.0083180508,0.0120910384,0.5528455285,0.0236645206,5624,False
accident_h1,validation_assessment,0.0083333716,0.0122346168,0.5528455285,0.0239394473,5558,False
accident_h1,validation_assessment,0.0083536289,0.0123839009,0.5528455285,0.0242251514,5491,False
accident_h1,validation_assessment,0.0083749815,0.0125345622,0.5528455285,0.0245133381,5425,False
accident_h1,validation_assessment,0.0083976418,0.0123157305,0.5365853659,0.0240788034,5359,False
accident_h1,validation_assessment,0.0084199236,0.0124692991,0.5365853659,0.0243722304,5293,False
accident_h1,validation_assessment,0.0084458174,0.0126267457,0.5365853659,0.0246728972,5227,False
accident_h1,validation_assessment,0.0084655044,0.0124006975,0.5203252033,0.0242240727,5161,False
accident_h1,validation_assessment,0.008487832,0.0123674912,0.512195122,0.0241518114,5094,False
accident_h1,validation_assessment,0.0085093605,0.0121320605,0.4959349593,0.0236847214,5028,False
accident_h1,validation_assessment,0.0085347785,0.0122934301,0.4959349593,0.0239921337,4962,False
accident_h1,validation_assessment,0.0085577544,0.012254902,0.487804878,0.0239091452,4896,False
accident_h1,validation_assessment,0.0085774851,0.0124223602,0.487804878,0.0242277408,4830,False
accident_h1,validation_assessment,0.0085995564,0.0123845508,0.4796747967,0.0241456927,4764,False
accident_h1,validation_assessment,0.0086238998,0.0125585355,0.4796747967,0.0244762497,4698,False
accident_h1,validation_assessment,0.0086511156,0.0127402289,0.4796747967,0.0248212032,4631,False
accident_h1,validation_assessment,0.0086751151,0.012924425,0.4796747967,0.0251706485,4565,False
accident_h1,validation_assessment,0.0087082968,0.0131140253,0.4796747967,0.0255300736,4499,False
accident_h1,validation_assessment,0.0087330317,0.0133092714,0.4796747967,0.0258999122,4433,False
accident_h1,validation_assessment,0.0087665444,0.0132814289,0.4715447154,0.0258351893,4367,False
accident_h1,validation_assessment,0.0087923692,0.0127877238,0.4471544715,0.0248643761,4301,False
accident_h1,validation_assessment,0.008823218,0.0129900803,0.4471544715,0.0252467294,4234,False
accident_h1,validation_assessment,0.0088515736,0.0129558541,0.4390243902,0.0251689583,4168,False
accident_h1,validation_assessment,0.0088803682,0.0131643101,0.4390243902,0.0255621302,4102,False
accident_h1,validation_assessment,0.0089107705,0.0133795837,0.4390243902,0.0259677807,4036,False
accident_h1,validation_assessment,0.0089531207,0.0136020151,0.4390243902,0.0263865136,3970,False
accident_h1,validation_assessment,0.008984937,0.0135758197,0.4308943089,0.0263223243,3904,False
accident_h1,validation_assessment,0.0090157172,0.0138128746,0.4308943089,0.0267676768,3837,False
accident_h1,validation_assessment,0.0090490637,0.0140546274,0.4308943089,0.0272213662,3771,False
accident_h1,validation_assessment,0.0090874906,0.0140350877,0.4227642276,0.0271682341,3705,False
accident_h1,validation_assessment,0.0091303395,0.01428964,0.4227642276,0.0276448698,3639,False
accident_h1,validation_assessment,0.0091663072,0.0145535964,0.4227642276,0.0281385281,3573,False
accident_h1,validation_assessment,0.0092181942,0.0148274879,0.4227642276,0.0286501377,3507,False
accident_h1,validation_assessment,0.0092637572,0.0148212729,0.4146341463,0.0286195286,3441,False
accident_h1,validation_assessment,0.0093203909,0.0148192057,0.406504065,0.0285959394,3374,False
accident_h1,validation_assessment,0.0093747759,0.0148125756,0.3983739837,0.0285631011,3308,False
accident_h1,validation_assessment,0.0094282921,0.0151141271,0.3983739837,0.0291233284,3242,False
accident_h1,validation_assessment,0.0094851844,0.0154282116,0.3983739837,0.0297059715,3176,False
accident_h1,validation_assessment,0.0095442361,0.0154340836,0.3902439024,0.0296937829,3110,False
accident_h1,validation_assessment,0.0095961406,0.0157687254,0.3902439024,0.0303125987,3044,False
accident_h1,validation_assessment,0.0096599716,0.0157877057,0.3821138211,0.0303225806,2977,False
accident_h1,validation_assessment,0.0097202126,0.0158021299,0.3739837398,0.0303230059,2911,False
accident_h1,validation_assessment,0.009779192,0.016168717,0.3739837398,0.0309973046,2845,False
accident_h1,validation_assessment,0.009854535,0.0158330335,0.3577235772,0.0303239145,2779,False
accident_h1,validation_assessment,0.0099270831,0.0162182086,0.3577235772,0.0310296192,2713,False
accident_h1,validation_assessment,0.010002843,0.0154892331,0.3333333333,0.0296028881,2647,False
accident_h1,validation_assessment,0.010092061,0.015497869,0.325203252,0.0295857988,2581,False
accident_h1,validation_assessment,0.0101856977,0.015910899,0.325203252,0.0303375047,2514,False
accident_h1,validation_assessment,0.0102700399,0.0147058824,0.2926829268,0.0280046674,2448,False
accident_h1,validation_assessment,0.0103591516,0.0151133501,0.2926829268,0.028742515,2382,False
accident_h1,validation_assessment,0.0104449779,0.0151122625,0.2845528455,0.028700287,2316,False
accident_h1,validation_assessment,0.0105350223,0.0155555556,0.2845528455,0.0294985251,2250,False
accident_h1,validation_assessment,0.0106580715,0.016025641,0.2845528455,0.0303424361,2184,False
accident_h1,validation_assessment,0.0107575474,0.0165328295,0.2845528455,0.03125,2117,False
accident_h1,validation_assessment,0.0108719143,0.0170648464,0.2845528455,0.0321987121,2051,False
accident_h1,validation_assessment,0.0109947073,0.0176322418,0.2845528455,0.0332068311,1985,False
accident_h1,validation_assessment,0.0111297954,0.0177175612,0.2764227642,0.0333006856,1919,False
accident_h1,validation_assessment,0.0112418292,0.0183486239,0.2764227642,0.0344129555,1853,False
accident_h1,validation_assessment,0.0113908874,0.0179071069,0.2601626016,0.0335078534,1787,False
accident_h1,validation_assessment,0.0115110665,0.0185938408,0.2601626016,0.0347071584,1721,False
accident_h1,validation_assessment,0.0116466252,0.0193470375,0.2601626016,0.0360157569,1654,False
accident_h1,validation_assessment,0.0117737934,0.0201511335,0.2601626016,0.0374050263,1588,False
accident_h1,validation_assessment,0.0119055908,0.0203679369,0.2520325203,0.0376899696,1522,False
accident_h1,validation_assessment,0.0120776202,0.0212912088,0.2520325203,0.0392653578,1456,False
accident_h1,validation_assessment,0.0122041193,0.0215827338,0.243902439,0.039656312,1390,False
accident_h1,validation_assessment,0.0123488838,0.0226586103,0.243902439,0.0414651002,1324,False
accident_h1,validation_assessment,0.0124919978,0.0238663484,0.243902439,0.0434782609,1257,False
accident_h1,validation_assessment,0.0126226793,0.0251889169,0.243902439,0.0456621005,1191,False
accident_h1,validation_assessment,0.0127887071,0.0257777778,0.2357723577,0.046474359,1125,False
accident_h1,validation_assessment,0.0129584196,0.0273843248,0.2357723577,0.0490693739,1059,False
accident_h1,validation_assessment,0.0131849673,0.0271903323,0.2195121951,0.0483870968,993,False
accident_h1,validation_assessment,0.0133277157,0.0280474649,0.2113821138,0.0495238095,927,True
accident_h1,validation_assessment,0.0135098925,0.0278745645,0.1951219512,0.0487804878,861,False
accident_h1,validation_assessment,0.0136692511,0.0264483627,0.1707317073,0.0458015267,794,False
accident_h1,validation_assessment,0.013883407,0.0288461538,0.1707317073,0.0493537015,728,False
accident_h1,validation_assessment,0.0141299198,0.0256797583,0.1382113821,0.0433121019,662,False
accident_h1,validation_assessment,0.0143479336,0.0251677852,0.1219512195,0.0417246175,596,False
accident_h1,validation_assessment,0.0145909236,0.0283018868,0.1219512195,0.045941807,530,False
accident_h1,validation_assessment,0.0148786891,0.0237068966,0.0894308943,0.0374787053,464,False
accident_h1,validation_assessment,0.0151675756,0.0176322418,0.0569105691,0.0269230769,397,False
accident_h1,validation_assessment,0.0155730355,0.0181268882,0.0487804878,0.0264317181,331,False
accident_h1,validation_assessment,0.0159541752,0.0188679245,0.0406504065,0.0257731959,265,False
accident_h1,validation_assessment,0.0167293086,0.0201005025,0.0325203252,0.0248447205,199,False
accident_h1,validation_assessment,0.017490799,0.015037594,0.0162601626,0.015625,133,False
accident_h1,validation_assessment,0.0188024558,0.0149253731,0.0081300813,0.0105263158,67,False
accident_h1,validation_assessment,0.02636192,0,0,0,1,False
accident_h1,validation_assessment,0.5,0,0,0,0,False
accident_h2,validation_assessment,0.001437895,0.0092956469,1,0.0184200674,13232,False
accident_h2,validation_assessment,0.0047072466,0.0092669958,0.9918699187,0.0183624323,13165,False
accident_h2,validation_assessment,0.0050403198,0.0093136881,0.9918699187,0.0184540917,13099,False
accident_h2,validation_assessment,0.0052118353,0.0092841249,0.9837398374,0.0183946488,13033,False
accident_h2,validation_assessment,0.005410679,0.0092542608,0.9756097561,0.0183346066,12967,False
accident_h2,validation_assessment,0.0055621703,0.0093016045,0.9756097561,0.0184275184,12901,False
accident_h2,validation_assessment,0.0056843387,0.0092715232,0.9674796748,0.0183670319,12835,False
accident_h2,validation_assessment,0.0057757257,0.0092418546,0.9593495935,0.0183073462,12768,False
accident_h2,validation_assessment,0.0058408577,0.0092111479,0.9512195122,0.018245614,12702,False
accident_h2,validation_assessment,0.0059091092,0.0091801203,0.9430894309,0.0181832432,12636,False
accident_h2,validation_assessment,0.0059637997,0.0092283214,0.9430894309,0.0182777909,12570,False
accident_h2,validation_assessment,0.0060168263,0.0091970569,0.9349593496,0.0182149362,12504,False
accident_h2,validation_assessment,0.0060595967,0.0091654607,0.9268292683,0.0181514211,12438,False
accident_h2,validation_assessment,0.0061141878,0.0092150998,0.9268292683,0.0182487594,12371,False
accident_h2,validation_assessment,0.006153735,0.0091832588,0.918699187,0.0181847441,12305,False
accident_h2,validation_assessment,0.0062032854,0.0092327805,0.918699187,0.0182818314,12239,False
accident_h2,validation_assessment,0.0062456077,0.0092828391,0.918699187,0.018379961,12173,False
accident_h2,validation_assessment,0.0062861031,0.0092508466,0.9105691057,0.0183156173,12107,False
accident_h2,validation_assessment,0.0063242003,0.009301553,0.9105691057,0.0184149951,12041,False
accident_h2,validation_assessment,0.0063612404,0.0093528184,0.9105691057,0.0185154571,11975,False
accident_h2,validation_assessment,0.006397399,0.0093214646,0.9024390244,0.0184523315,11908,False
accident_h2,validation_assessment,0.0064361532,0.0093734167,0.9024390244,0.0185541162,11842,False
accident_h2,validation_assessment,0.0064681598,0.0093410326,0.8943089431,0.0184889487,11776,False
accident_h2,validation_assessment,0.0065035443,0.0093936806,0.8943089431,0.018592073,11710,False
accident_h2,validation_assessment,0.0065345024,0.0094469255,0.8943089431,0.0186963542,11644,False
accident_h2,validation_assessment,0.0065694208,0.0095007773,0.8943089431,0.0188018118,11578,False
accident_h2,validation_assessment,0.0065938114,0.0095560768,0.8943089431,0.0189100911,11511,False
accident_h2,validation_assessment,0.0066241795,0.0096111839,0.8943089431,0.0190179806,11445,False
accident_h2,validation_assessment,0.0066524826,0.0094911679,0.8780487805,0.0187793427,11379,False
accident_h2,validation_assessment,0.0066797001,0.0094581455,0.8699186992,0.0187128367,11313,False
accident_h2,validation_assessment,0.0067120947,0.0094247355,0.8617886179,0.0186455585,11247,False
accident_h2,validation_assessment,0.0067378209,0.0094803685,0.8617886179,0.0187544232,11181,False
accident_h2,validation_assessment,0.0067645506,0.0094466937,0.8536585366,0.018686599,11115,False
accident_h2,validation_assessment,0.0067914451,0.0095039826,0.8536585366,0.0187986751,11048,False
accident_h2,validation_assessment,0.0068161072,0.0094700419,0.8455284553,0.0187303017,10982,False
accident_h2,validation_assessment,0.0068444285,0.0095272994,0.8455284553,0.0188422864,10916,False
accident_h2,validation_assessment,0.0068686526,0.0095852535,0.8455284553,0.0189556183,10850,False
accident_h2,validation_assessment,0.0068935462,0.0096439169,0.8455284553,0.0190703218,10784,False
accident_h2,validation_assessment,0.0069178661,0.0097033029,0.8455284553,0.0191864219,10718,False
accident_h2,validation_assessment,0.0069458795,0.0097643414,0.8455284553,0.019305736,10651,False
accident_h2,validation_assessment,0.0069653553,0.0097307511,0.837398374,0.0192379529,10585,False
accident_h2,validation_assessment,0.0069933212,0.0097918053,0.837398374,0.0193572637,10519,False
accident_h2,validation_assessment,0.0070142149,0.0097579642,0.8292682927,0.0192889561,10453,False
accident_h2,validation_assessment,0.0070372916,0.0098199673,0.8292682927,0.0194100856,10387,False
accident_h2,validation_assessment,0.0070579677,0.0097858735,0.8211382114,0.0193412486,10321,False
accident_h2,validation_assessment,0.0070791025,0.0098488542,0.8211382114,0.0194642513,10255,False
accident_h2,validation_assessment,0.0071022906,0.0099136239,0.8211382114,0.0195907283,10188,False
accident_h2,validation_assessment,0.0071277785,0.0099782652,0.8211382114,0.0197169351,10122,False
accident_h2,validation_assessment,0.0071475913,0.010043755,0.8211382114,0.0198447785,10056,False
accident_h2,validation_assessment,0.0071694558,0.0101101101,0.8211382114,0.0199742905,9990,False
accident_h2,validation_assessment,0.00718983,0.0101773478,0.8211382114,0.0201055041,9924,False
accident_h2,validation_assessment,0.007206649,0.0101440454,0.8130081301,0.0200380723,9858,False
accident_h2,validation_assessment,0.0072270409,0.0101113267,0.8048780488,0.0199717571,9791,False
accident_h2,validation_assessment,0.0072490995,0.0100771208,0.7967479675,0.0199025183,9725,False
accident_h2,validation_assessment,0.0072686661,0.0101459778,0.7967479675,0.0200368023,9659,False
accident_h2,validation_assessment,0.0072889713,0.0102157823,0.7967479675,0.0201729107,9593,False
accident_h2,validation_assessment,0.0073083021,0.010286554,0.7967479675,0.0203108808,9527,False
accident_h2,validation_assessment,0.0073330965,0.010252616,0.7886178862,0.0202420701,9461,False
accident_h2,validation_assessment,0.0073582108,0.0102182012,0.7804878049,0.0201723051,9395,False
accident_h2,validation_assessment,0.0073809344,0.0102915952,0.7804878049,0.0203153105,9328,False
accident_h2,validation_assessment,0.0074016635,0.0101489959,0.7642276423,0.0200319659,9262,False
accident_h2,validation_assessment,0.0074190161,0.0102218356,0.7642276423,0.0201738384,9196,False
accident_h2,validation_assessment,0.0074426767,0.0101861993,0.756097561,0.0201015887,9130,False
accident_h2,validation_assessment,0.0074659665,0.0102603707,0.756097561,0.0202459998,9064,False
accident_h2,validation_assessment,0.0074881253,0.0103356301,0.756097561,0.0203925008,8998,False
accident_h2,validation_assessment,0.0075113532,0.0104131676,0.756097561,0.0205434062,8931,False
accident_h2,validation_assessment,0.0075364509,0.0103778906,0.7479674797,0.0204717401,8865,False
accident_h2,validation_assessment,0.0075579496,0.0104557336,0.7479674797,0.0206231787,8799,False
accident_h2,validation_assessment,0.0075855427,0.0103057369,0.7317073171,0.0203252033,8733,False
accident_h2,validation_assessment,0.0076036242,0.0102688358,0.7235772358,0.0202502844,8667,False
accident_h2,validation_assessment,0.0076256033,0.0102313684,0.7154471545,0.020174232,8601,False
accident_h2,validation_assessment,0.0076473673,0.0103116944,0.7154471545,0.0203303685,8534,False
accident_h2,validation_assessment,0.0076701333,0.0103920642,0.7154471545,0.0204865557,8468,False
accident_h2,validation_assessment,0.0076918328,0.0104736967,0.7154471545,0.0206451613,8402,False
accident_h2,validation_assessment,0.0077135469,0.0104366603,0.7073170732,0.0205698073,8336,False
accident_h2,validation_assessment,0.007734342,0.0103990326,0.6991869919,0.0204932682,8270,False
accident_h2,validation_assessment,0.0077517138,0.0104826914,0.6991869919,0.0206556983,8204,False
accident_h2,validation_assessment,0.0077740907,0.0105677071,0.6991869919,0.0208207239,8138,False
accident_h2,validation_assessment,0.0077937406,0.010655433,0.6991869919,0.020990969,8071,False
accident_h2,validation_assessment,0.0078116128,0.0107432854,0.6991869919,0.0211614173,8005,False
accident_h2,validation_assessment,0.0078308988,0.0105806777,0.6829268293,0.0208385016,7939,False
accident_h2,validation_assessment,0.0078504282,0.0106693763,0.6829268293,0.0210105053,7873,False
accident_h2,validation_assessment,0.0078721602,0.0107595747,0.6829268293,0.021185372,7807,False
accident_h2,validation_assessment,0.0078976018,0.0108513112,0.6829268293,0.021363174,7741,False
accident_h2,validation_assessment,0.0079192711,0.0109460516,0.6829268293,0.0215467487,7674,False
accident_h2,validation_assessment,0.0079407831,0.0110410095,0.6829268293,0.0217306946,7608,False
accident_h2,validation_assessment,0.0079596852,0.0110050385,0.674796748,0.0216568819,7542,False
accident_h2,validation_assessment,0.0079797441,0.0111021937,0.674796748,0.0218449796,7476,False
accident_h2,validation_assessment,0.0080015765,0.0109311741,0.6585365854,0.0215053763,7410,False
accident_h2,validation_assessment,0.0080225034,0.0108932462,0.6504065041,0.0214276148,7344,False
accident_h2,validation_assessment,0.0080474593,0.0108546304,0.6422764228,0.0213484664,7278,False
accident_h2,validation_assessment,0.0080662935,0.0106781306,0.6260162602,0.0209980911,7211,False
accident_h2,validation_assessment,0.0080907118,0.010636809,0.6178861789,0.0209135938,7145,False
accident_h2,validation_assessment,0.0081111803,0.0105947168,0.6097560976,0.0208275479,7079,False
accident_h2,validation_assessment,0.0081357285,0.0106944246,0.6097560976,0.0210201794,7013,False
accident_h2,validation_assessment,0.0081564583,0.0107960271,0.6097560976,0.0212164074,6947,False
accident_h2,validation_assessment,0.0081811794,0.0108995785,0.6097560976,0.0214163335,6881,False
accident_h2,validation_assessment,0.0082011829,0.0110067508,0.6097560976,0.02162318,6814,False
accident_h2,validation_assessment,0.0082296275,0.0111144043,0.6097560976,0.0218308834,6748,False
accident_h2,validation_assessment,0.0082557378,0.0112241844,0.6097560976,0.0220426157,6682,False
accident_h2,validation_assessment,0.0082772309,0.011185006,0.6016260163,0.0219617154,6616,False
accident_h2,validation_assessment,0.0083052995,0.0111450382,0.593495935,0.0218792147,6550,False
accident_h2,validation_assessment,0.0083339772,0.0112584824,0.593495935,0.0220977751,6484,False
accident_h2,validation_assessment,0.00835851,0.0113742599,0.593495935,0.0223207461,6418,False
accident_h2,validation_assessment,0.0083830872,0.0113367974,0.5853658537,0.0222428174,6351,False
accident_h2,validation_assessment,0.0084060904,0.0111376293,0.5691056911,0.0218476904,6285,False
accident_h2,validation_assessment,0.0084328452,0.0112558289,0.5691056911,0.0220750552,6219,False
accident_h2,validation_assessment,0.008460392,0.0113765643,0.5691056911,0.022307202,6153,False
accident_h2,validation_assessment,0.0084880353,0.0114999179,0.5691056911,0.0225442834,6087,False
accident_h2,validation_assessment,0.0085143023,0.0114598904,0.5609756098,0.0224609375,6021,False
accident_h2,validation_assessment,0.0085443634,0.0115888478,0.5609756098,0.0227085733,5954,False
accident_h2,validation_assessment,0.0085777942,0.01171875,0.5609756098,0.0229579105,5888,False
accident_h2,validation_assessment,0.0086036581,0.0118515974,0.5609756098,0.0232127839,5822,False
accident_h2,validation_assessment,0.0086306055,0.0119874913,0.5609756098,0.0234733798,5756,False
accident_h2,validation_assessment,0.0086614637,0.0121265378,0.5609756098,0.0237398933,5690,False
accident_h2,validation_assessment,0.0086914981,0.0120910384,0.5528455285,0.0236645206,5624,False
accident_h2,validation_assessment,0.0087151003,0.0120546959,0.5447154472,0.0235873966,5558,False
accident_h2,validation_assessment,0.0087449578,0.0122017847,0.5447154472,0.0238688992,5491,False
accident_h2,validation_assessment,0.0087711365,0.0123502304,0.5447154472,0.0241528479,5425,False
accident_h2,validation_assessment,0.008806554,0.0123157305,0.5365853659,0.0240788034,5359,False
accident_h2,validation_assessment,0.0088372864,0.0124692991,0.5365853659,0.0243722304,5293,False
accident_h2,validation_assessment,0.0088681294,0.0122441171,0.5203252033,0.0239252336,5227,False
accident_h2,validation_assessment,0.0088983555,0.0124006975,0.5203252033,0.0242240727,5161,False
accident_h2,validation_assessment,0.0089265911,0.0125638005,0.5203252033,0.0245351735,5094,False
accident_h2,validation_assessment,0.008960343,0.0125298329,0.512195122,0.0244612697,5028,False
accident_h2,validation_assessment,0.0089989308,0.0126964933,0.512195122,0.0247787611,4962,False
accident_h2,validation_assessment,0.0090342602,0.0128676471,0.512195122,0.0251046025,4896,False
accident_h2,validation_assessment,0.0090689875,0.0128364389,0.5040650407,0.0250353321,4830,False
accident_h2,validation_assessment,0.009107745,0.0130142737,0.5040650407,0.0253734397,4764,False
accident_h2,validation_assessment,0.0091423556,0.0129842486,0.4959349593,0.0253059531,4698,False
accident_h2,validation_assessment,0.0091748543,0.012956165,0.487804878,0.0252419016,4631,False
accident_h2,validation_assessment,0.0092109088,0.012924425,0.4796747967,0.0251706485,4565,False
accident_h2,validation_assessment,0.0092579959,0.0131140253,0.4796747967,0.0255300736,4499,False
accident_h2,validation_assessment,0.0092973259,0.0128581096,0.4634146341,0.0250219491,4433,False
accident_h2,validation_assessment,0.0093374422,0.0128234486,0.4552845528,0.0249443207,4367,False
accident_h2,validation_assessment,0.009385691,0.0125552197,0.4390243902,0.0244122966,4301,False
accident_h2,validation_assessment,0.0094243359,0.0125177137,0.4308943089,0.0243286665,4234,False
accident_h2,validation_assessment,0.0094804451,0.0127159309,0.4308943089,0.0247028665,4168,False
accident_h2,validation_assessment,0.0095220036,0.0129205266,0.4308943089,0.0250887574,4102,False
accident_h2,validation_assessment,0.0095678039,0.0131318137,0.4308943089,0.0254868959,4036,False
accident_h2,validation_assessment,0.0096041637,0.0133501259,0.4308943089,0.0258978744,3970,False
accident_h2,validation_assessment,0.0096599273,0.0135758197,0.4308943089,0.0263223243,3904,False
accident_h2,validation_assessment,0.0097186931,0.0138128746,0.4308943089,0.0267676768,3837,False
accident_h2,validation_assessment,0.0097595117,0.0140546274,0.4308943089,0.0272213662,3771,False
accident_h2,validation_assessment,0.0098129733,0.0143049933,0.4308943089,0.0276907001,3705,False
accident_h2,validation_assessment,0.0098680369,0.0145644408,0.4308943089,0.0281765019,3639,False
accident_h2,validation_assessment,0.0099263034,0.0148334733,0.4308943089,0.0286796537,3573,False
accident_h2,validation_assessment,0.0099802554,0.0148274879,0.4227642276,0.0286501377,3507,False
accident_h2,validation_assessment,0.0100297285,0.0151118861,0.4227642276,0.0291806958,3441,False
accident_h2,validation_assessment,0.0100841648,0.0148192057,0.406504065,0.0285959394,3374,False
accident_h2,validation_assessment,0.0101578753,0.015114873,0.406504065,0.0291460216,3308,False
accident_h2,validation_assessment,0.0102270949,0.0154225787,0.406504065,0.029717682,3242,False
accident_h2,validation_assessment,0.0102884768,0.0154282116,0.3983739837,0.0297059715,3176,False
accident_h2,validation_assessment,0.010356182,0.0147909968,0.3739837398,0.0284565419,3110,False
accident_h2,validation_assessment,0.0104243448,0.01478318,0.3658536585,0.0284180613,3044,False
accident_h2,validation_assessment,0.0105022067,0.0147799798,0.3577235772,0.0283870968,2977,False
accident_h2,validation_assessment,0.0105567566,0.0147715562,0.3495934959,0.0283454186,2911,False
accident_h2,validation_assessment,0.0106288835,0.0151142355,0.3495934959,0.0289757412,2845,False
accident_h2,validation_assessment,0.0107020806,0.0154731918,0.3495934959,0.0296347347,2779,False
accident_h2,validation_assessment,0.0107709097,0.0154810173,0.3414634146,0.0296191819,2713,False
accident_h2,validation_assessment,0.0108432932,0.0151114469,0.325203252,0.0288808664,2647,False
accident_h2,validation_assessment,0.0109125501,0.015497869,0.325203252,0.0295857988,2581,False
accident_h2,validation_assessment,0.0109870872,0.0155131265,0.3170731707,0.0295790671,2514,False
accident_h2,validation_assessment,0.0110508309,0.0159313725,0.3170731707,0.0303383897,2448,False
accident_h2,validation_assessment,0.0111324826,0.016372796,0.3170731707,0.0311377246,2382,False
accident_h2,validation_assessment,0.0112051142,0.0168393782,0.3170731707,0.0319803198,2316,False
accident_h2,validation_assessment,0.011304992,0.016,0.2926829268,0.0303413401,2250,False
accident_h2,validation_assessment,0.0114001498,0.0155677656,0.2764227642,0.0294755093,2184,False
accident_h2,validation_assessment,0.0114962697,0.0155880964,0.2682926829,0.0294642857,2117,False
accident_h2,validation_assessment,0.0115970043,0.0156021453,0.2601626016,0.0294388224,2051,False
accident_h2,validation_assessment,0.011703635,0.0151133501,0.243902439,0.0284629981,1985,False
accident_h2,validation_assessment,0.0118002337,0.0156331423,0.243902439,0.0293829579,1919,False
accident_h2,validation_assessment,0.0118827594,0.0156502968,0.2357723577,0.0293522267,1853,False
accident_h2,validation_assessment,0.0120030698,0.0162283156,0.2357723577,0.0303664921,1787,False
accident_h2,validation_assessment,0.0121371826,0.0156885532,0.2195121951,0.0292841649,1721,False
accident_h2,validation_assessment,0.0122713884,0.0163240629,0.2195121951,0.0303882949,1654,False
accident_h2,validation_assessment,0.0123973766,0.0170025189,0.2195121951,0.0315604909,1588,False
accident_h2,validation_assessment,0.0124992638,0.0170827858,0.2113821138,0.0316109422,1522,False
accident_h2,validation_assessment,0.0126158436,0.0178571429,0.2113821138,0.0329322356,1456,False
accident_h2,validation_assessment,0.0127258139,0.0179856115,0.2032520325,0.0330469266,1390,False
accident_h2,validation_assessment,0.0128781715,0.0181268882,0.1951219512,0.0331720802,1324,False
accident_h2,validation_assessment,0.0130248939,0.0190930788,0.1951219512,0.0347826087,1257,False
accident_h2,validation_assessment,0.0131541758,0.0193115029,0.1869918699,0.0350076104,1191,False
accident_h2,validation_assessment,0.0133314237,0.0195555556,0.1788617886,0.0352564103,1125,False
accident_h2,validation_assessment,0.0134721667,0.0207743154,0.1788617886,0.0372250423,1059,False
accident_h2,validation_assessment,0.0136743498,0.0191339376,0.1544715447,0.0340501792,993,False
accident_h2,validation_assessment,0.013852831,0.0194174757,0.1463414634,0.0342857143,927,False
accident_h2,validation_assessment,0.0140726635,0.018583043,0.1300813008,0.0325203252,861,False
accident_h2,validation_assessment,0.0143123538,0.0201511335,0.1300813008,0.0348964013,794,False
accident_h2,validation_assessment,0.0146238316,0.0192307692,0.1138211382,0.0329024677,728,False
accident_h2,validation_assessment,0.0149383411,0.0196374622,0.1056910569,0.0331210191,662,False
accident_h2,validation_assessment,0.0152168682,0.0167785235,0.081300813,0.0278164117,596,False
accident_h2,validation_assessment,0.0155627847,0.0169811321,0.0731707317,0.0275650842,530,False
accident_h2,validation_assessment,0.0159619131,0.0172413793,0.0650406504,0.0272572402,464,False
accident_h2,validation_assessment,0.0165134985,0.0201511335,0.0650406504,0.0307692308,397,False
accident_h2,validation_assessment,0.0171347132,0.0241691843,0.0650406504,0.0352422907,331,False
accident_h2,validation_assessment,0.0179340251,0.0264150943,0.0569105691,0.0360824742,265,False
accident_h2,validation_assessment,0.0189995425,0.0301507538,0.0487804878,0.0372670807,199,True
accident_h2,validation_assessment,0.021101769,0.015037594,0.0162601626,0.015625,133,False
accident_h2,validation_assessment,0.0232789366,0.0149253731,0.0081300813,0.0105263158,67,False
accident_h2,validation_assessment,0.0317004094,0,0,0,1,False
accident_h2,validation_assessment,0.5,0,0,0,0,False
accident_h3,validation_assessment,0.0019452574,0.0093125379,1,0.0184532293,13208,False
accident_h3,validation_assessment,0.0061241062,0.0093600183,1,0.0185464415,13141,False
accident_h3,validation_assessment,0.0063550011,0.0094072658,1,0.0186391878,13075,False
accident_h3,validation_assessment,0.0064966879,0.0094549927,1,0.0187328663,13009,False
accident_h3,validation_assessment,0.0066023356,0.0095032064,1,0.0188274912,12943,False
accident_h3,validation_assessment,0.006688345,0.0094742564,0.9918699187,0.0187692308,12877,False
accident_h3,validation_assessment,0.0067634522,0.0095230661,0.9918699187,0.018865007,12811,False
accident_h3,validation_assessment,0.0068239527,0.0095723813,0.9918699187,0.0189617656,12745,False
accident_h3,validation_assessment,0.0068694924,0.00962221,0.9918699187,0.0190595219,12679,False
accident_h3,validation_assessment,0.0069078287,0.0096725601,0.9918699187,0.0191582915,12613,False
accident_h3,validation_assessment,0.0069465707,0.0097234399,0.9918699187,0.01925809,12547,False
accident_h3,validation_assessment,0.0069922292,0.0097748578,0.9918699187,0.0193589337,12481,False
accident_h3,validation_assessment,0.0070244331,0.0097462747,0.9837398374,0.019301324,12415,False
accident_h3,validation_assessment,0.0070542245,0.0097983642,0.9837398374,0.0194034638,12349,False
accident_h3,validation_assessment,0.0070808689,0.0098510136,0.9837398374,0.0195066903,12283,False
accident_h3,validation_assessment,0.0071119313,0.0099042318,0.9837398374,0.0196110211,12217,False
accident_h3,validation_assessment,0.0071337999,0.0098757304,0.9756097561,0.0195535278,12151,False
accident_h3,validation_assessment,0.0071569172,0.0099296649,0.9756097561,0.0196592398,12085,False
accident_h3,validation_assessment,0.007177921,0.0099841917,0.9756097561,0.0197661011,12019,False
accident_h3,validation_assessment,0.0071996397,0.0100393207,0.9756097561,0.0198741305,11953,False
accident_h3,validation_assessment,0.0072219969,0.0100109363,0.9674796748,0.0198168193,11887,False
accident_h3,validation_assessment,0.007241411,0.009982235,0.9593495935,0.0197588747,11821,False
accident_h3,validation_assessment,0.0072649009,0.0099532114,0.9512195122,0.0197002862,11755,False
accident_h3,validation_assessment,0.0072838487,0.0098383095,0.9349593496,0.0194717237,11689,False
accident_h3,validation_assessment,0.0073016061,0.009808139,0.9268292683,0.0194108633,11623,False
accident_h3,validation_assessment,0.0073205272,0.009777624,0.918699187,0.0193493151,11557,False
accident_h3,validation_assessment,0.0073376852,0.009833783,0.918699187,0.0194592733,11491,False
accident_h3,validation_assessment,0.0073578538,0.0097155361,0.9024390244,0.0192241081,11425,False
accident_h3,validation_assessment,0.0073747836,0.009771987,0.9024390244,0.0193346107,11359,False
accident_h3,validation_assessment,0.0073914026,0.0096528516,0.8861788618,0.0190976785,11292,False
accident_h3,validation_assessment,0.0074097288,0.0097096027,0.8861788618,0.0192087409,11226,False
accident_h3,validation_assessment,0.0074226123,0.0096774194,0.8780487805,0.0191438447,11160,False
accident_h3,validation_assessment,0.0074407582,0.0096448531,0.8699186992,0.0190781849,11094,False
accident_h3,validation_assessment,0.0074597865,0.0093398622,0.837398374,0.0184736795,11028,False
accident_h3,validation_assessment,0.0074718827,0.0093048714,0.8292682927,0.0184032476,10962,False
accident_h3,validation_assessment,0.0074841428,0.0093612335,0.8292682927,0.0185134767,10896,False
accident_h3,validation_assessment,0.0074996353,0.0094182825,0.8292682927,0.0186250342,10830,False
accident_h3,validation_assessment,0.0075178732,0.0094760312,0.8292682927,0.0187379443,10764,False
accident_h3,validation_assessment,0.0075319412,0.0095344924,0.8292682927,0.0188522318,10698,False
accident_h3,validation_assessment,0.0075491324,0.0095936795,0.8292682927,0.0189679219,10632,False
accident_h3,validation_assessment,0.0075655654,0.0095589627,0.8211382114,0.0188979325,10566,False
accident_h3,validation_assessment,0.0075769686,0.0096190476,0.8211382114,0.0190153441,10500,False
accident_h3,validation_assessment,0.007594969,0.0096798927,0.8211382114,0.0191342237,10434,False
accident_h3,validation_assessment,0.0076098387,0.0095486111,0.8048780488,0.01887332,10368,False
accident_h3,validation_assessment,0.0076272986,0.0096097845,0.8048780488,0.0189928058,10302,False
accident_h3,validation_assessment,0.0076418037,0.0096717468,0.8048780488,0.0191138141,10236,False
accident_h3,validation_assessment,0.0076538101,0.0097345133,0.8048780488,0.0192363742,10170,False
accident_h3,validation_assessment,0.0076673882,0.0096991291,0.7967479675,0.0191649555,10104,False
accident_h3,validation_assessment,0.0076794976,0.0096632795,0.7886178862,0.019092609,10038,False
accident_h3,validation_assessment,0.0076929049,0.0097272363,0.7886178862,0.0192174344,9972,False
accident_h3,validation_assessment,0.0077112243,0.0096910963,0.7804878049,0.019144481,9906,False
accident_h3,validation_assessment,0.007727994,0.0096544715,0.7723577236,0.0190705611,9840,False
accident_h3,validation_assessment,0.0077417248,0.0097196644,0.7723577236,0.0191977367,9774,False
accident_h3,validation_assessment,0.0077581129,0.0097857437,0.7723577236,0.0193266199,9708,False
accident_h3,validation_assessment,0.0077725415,0.0098527276,0.7723577236,0.0194572453,9642,False
accident_h3,validation_assessment,0.0077879863,0.0098162072,0.7642276423,0.0193834416,9576,False
accident_h3,validation_assessment,0.0078015137,0.0098843323,0.7642276423,0.0195162462,9510,False
accident_h3,validation_assessment,0.0078172872,0.0099534096,0.7642276423,0.0196508832,9444,False
accident_h3,validation_assessment,0.0078341305,0.0100245281,0.7642276423,0.0197894737,9377,False
accident_h3,validation_assessment,0.007847827,0.0100955859,0.7642276423,0.0199279203,9311,False
accident_h3,validation_assessment,0.0078646689,0.0100594916,0.756097561,0.0198548249,9245,False
accident_h3,validation_assessment,0.0078795981,0.0100228783,0.7479674797,0.0197806923,9179,False
accident_h3,validation_assessment,0.0078954926,0.010095468,0.7479674797,0.0199220442,9113,False
accident_h3,validation_assessment,0.0079096387,0.0101691168,0.7479674797,0.0200654308,9047,False
accident_h3,validation_assessment,0.0079264204,0.0102438481,0.7479674797,0.0202108963,8981,False
accident_h3,validation_assessment,0.0079425805,0.0103196859,0.7479674797,0.0203584864,8915,False
accident_h3,validation_assessment,0.007955028,0.010396655,0.7479674797,0.0205082479,8849,False
accident_h3,validation_assessment,0.0079700401,0.0104747808,0.7479674797,0.0206602291,8783,False
accident_h3,validation_assessment,0.0079842202,0.0104393713,0.7398373984,0.0205882353,8717,False
accident_h3,validation_assessment,0.008000321,0.0104034216,0.7317073171,0.0205151584,8651,False
accident_h3,validation_assessment,0.0080154329,0.0102504368,0.7154471545,0.0202113,8585,False
accident_h3,validation_assessment,0.0080295533,0.0100950816,0.6991869919,0.0199028003,8519,False
accident_h3,validation_assessment,0.0080441092,0.0100556016,0.6910569106,0.0198227612,8453,False
accident_h3,validation_assessment,0.0080630286,0.0101347323,0.6910569106,0.0199764982,8387,False
accident_h3,validation_assessment,0.0080788299,0.0102151184,0.6910569106,0.0201326386,8321,False
accident_h3,validation_assessment,0.0080942255,0.0101756511,0.6829268293,0.0200525185,8255,False
accident_h3,validation_assessment,0.0081084634,0.0102576627,0.6829268293,0.0202117421,8189,False
accident_h3,validation_assessment,0.0081211973,0.0102178998,0.674796748,0.0201309726,8123,False
accident_h3,validation_assessment,0.0081342727,0.0103016011,0.674796748,0.0202933985,8057,False
accident_h3,validation_assessment,0.0081505448,0.0101364035,0.6585365854,0.0199654917,7991,False
accident_h3,validation_assessment,0.0081668814,0.0102208202,0.6585365854,0.0201292247,7925,False
accident_h3,validation_assessment,0.0081824089,0.0103066548,0.6585365854,0.0202956652,7859,False
accident_h3,validation_assessment,0.0081968734,0.0103939433,0.6585365854,0.0204648813,7793,False
accident_h3,validation_assessment,0.0082118466,0.0104827229,0.6585365854,0.0206369427,7727,False
accident_h3,validation_assessment,0.0082306995,0.0105730322,0.6585365854,0.0208119219,7661,False
accident_h3,validation_assessment,0.0082425032,0.0105332456,0.6504065041,0.0207307593,7595,False
accident_h3,validation_assessment,0.0082576195,0.0104941552,0.6422764228,0.0206508953,7528,False
accident_h3,validation_assessment,0.0082704543,0.010586974,0.6422764228,0.0208305867,7462,False
accident_h3,validation_assessment,0.0082874884,0.0106814494,0.6422764228,0.0210134326,7396,False
accident_h3,validation_assessment,0.0083026119,0.0105047749,0.6260162602,0.0206628203,7330,False
accident_h3,validation_assessment,0.0083158883,0.0106002203,0.6260162602,0.0208474347,7264,False
accident_h3,validation_assessment,0.0083358409,0.0106974159,0.6260162602,0.0210353777,7198,False
accident_h3,validation_assessment,0.0083511352,0.0107964105,0.6260162602,0.0212267402,7132,False
accident_h3,validation_assessment,0.0083655333,0.0108972545,0.6260162602,0.0214216164,7066,False
accident_h3,validation_assessment,0.0083826457,0.011,0.6260162602,0.0216201039,7000,False
accident_h3,validation_assessment,0.0083981218,0.0111047015,0.6260162602,0.0218223041,6934,False
accident_h3,validation_assessment,0.0084133079,0.0110658125,0.6178861789,0.02174224,6868,False
accident_h3,validation_assessment,0.0084284976,0.0111731844,0.6178861789,0.0219494585,6802,False
accident_h3,validation_assessment,0.0084475933,0.0109857482,0.6016260163,0.0215774894,6736,False
accident_h3,validation_assessment,0.0084639191,0.0109445277,0.593495935,0.0214927131,6670,False
accident_h3,validation_assessment,0.0084822801,0.0110539067,0.593495935,0.0217035826,6604,False
accident_h3,validation_assessment,0.0084992753,0.0110125421,0.5853658537,0.0216183756,6538,False
accident_h3,validation_assessment,0.0085154136,0.0111248455,0.5853658537,0.0218347233,6472,False
accident_h3,validation_assessment,0.0085317604,0.011239463,0.5853658537,0.0220554449,6406,False
accident_h3,validation_assessment,0.0085456678,0.0108832808,0.5609756098,0.0213523132,6340,False
accident_h3,validation_assessment,0.0085618926,0.0108383806,0.5528455285,0.0212599656,6274,False
accident_h3,validation_assessment,0.0085789357,0.0109536082,0.5528455285,0.0214815985,6208,False
accident_h3,validation_assessment,0.0085979522,0.0110713123,0.5528455285,0.021707901,6142,False
accident_h3,validation_assessment,0.0086134812,0.0111915734,0.5528455285,0.0219390224,6076,False
accident_h3,validation_assessment,0.0086309596,0.0113144759,0.5528455285,0.0221751182,6010,False
accident_h3,validation_assessment,0.0086529664,0.0114401077,0.5528455285,0.0224163507,5944,False
accident_h3,validation_assessment,0.0086713864,0.0113984348,0.5447154472,0.0223296117,5878,False
accident_h3,validation_assessment,0.0086858653,0.0113558156,0.5365853659,0.0222409436,5812,False
accident_h3,validation_assessment,0.0087064795,0.010964149,0.512195122,0.021468734,5746,False
accident_h3,validation_assessment,0.0087217053,0.010915493,0.5040650407,0.0213682578,5680,False
accident_h3,validation_assessment,0.0087412485,0.0110457866,0.5040650407,0.0216178522,5613,False
accident_h3,validation_assessment,0.0087599873,0.0109969353,0.4959349593,0.0215167549,5547,False
accident_h3,validation_assessment,0.0087808712,0.011129356,0.4959349593,0.0217701642,5481,False
accident_h3,validation_assessment,0.0087999774,0.0112650046,0.4959349593,0.0220296136,5415,False
accident_h3,validation_assessment,0.0088189663,0.0112170499,0.487804878,0.0219298246,5349,False
accident_h3,validation_assessment,0.0088407226,0.0113571834,0.487804878,0.0221975583,5283,False
accident_h3,validation_assessment,0.0088613507,0.0113091815,0.4796747967,0.0220973783,5217,False
accident_h3,validation_assessment,0.0088839336,0.0112599495,0.4715447154,0.0219946909,5151,False
accident_h3,validation_assessment,0.0089016698,0.0112094395,0.4634146341,0.0218894009,5085,False
accident_h3,validation_assessment,0.008923973,0.011356844,0.4634146341,0.0221703617,5019,False
accident_h3,validation_assessment,0.0089432907,0.011306279,0.4552845528,0.0220646178,4953,False
accident_h3,validation_assessment,0.0089662816,0.0114589728,0.4552845528,0.0223552894,4887,False
accident_h3,validation_assessment,0.0089875043,0.0114084215,0.4471544715,0.0222491909,4821,False
accident_h3,validation_assessment,0.0090120401,0.0111461619,0.4308943089,0.0217302173,4755,False
accident_h3,validation_assessment,0.0090325444,0.0113030497,0.4308943089,0.0220282627,4689,False
accident_h3,validation_assessment,0.0090517124,0.011464417,0.4308943089,0.0223345976,4623,False
accident_h3,validation_assessment,0.00907501,0.0116304586,0.4308943089,0.0226495726,4557,False
accident_h3,validation_assessment,0.0091006554,0.0118013805,0.4308943089,0.0229735587,4491,False
accident_h3,validation_assessment,0.009127664,0.0119774011,0.4308943089,0.0233069481,4425,False
accident_h3,validation_assessment,0.0091491906,0.012158752,0.4308943089,0.0236501562,4359,False
accident_h3,validation_assessment,0.0091701838,0.012345679,0.4308943089,0.0240036232,4293,False
accident_h3,validation_assessment,0.0091911794,0.0125384433,0.4308943089,0.0243678161,4227,False
accident_h3,validation_assessment,0.0092161279,0.0124969959,0.4227642276,0.0242763772,4161,False
accident_h3,validation_assessment,0.0092433254,0.0126984127,0.4227642276,0.0246562352,4095,False
accident_h3,validation_assessment,0.009274119,0.0129064284,0.4227642276,0.0250481696,4029,False
accident_h3,validation_assessment,0.009303956,0.0131213727,0.4227642276,0.0254527655,3963,False
accident_h3,validation_assessment,0.0093328943,0.0133435976,0.4227642276,0.0258706468,3897,False
accident_h3,validation_assessment,0.0093647461,0.0133124511,0.4146341463,0.0257966616,3831,False
accident_h3,validation_assessment,0.0093875241,0.0132837407,0.406504065,0.0257267816,3764,False
accident_h3,validation_assessment,0.009418571,0.0135208221,0.406504065,0.0261711594,3698,False
accident_h3,validation_assessment,0.0094469523,0.0137665198,0.406504065,0.0266311585,3632,False
accident_h3,validation_assessment,0.0094779897,0.0137408861,0.3983739837,0.0265654649,3566,False
accident_h3,validation_assessment,0.009511381,0.014,0.3983739837,0.0270494066,3500,False
accident_h3,validation_assessment,0.0095393026,0.0139778684,0.3902439024,0.0269890357,3434,False
accident_h3,validation_assessment,0.0095761048,0.0139548694,0.3821138211,0.0269263821,3368,False
accident_h3,validation_assessment,0.0096041588,0.0142337977,0.3821138211,0.0274452555,3302,False
accident_h3,validation_assessment,0.0096399218,0.0142150803,0.3739837398,0.0273891039,3236,False
accident_h3,validation_assessment,0.0096834565,0.0141955836,0.3658536585,0.0273307015,3170,False
accident_h3,validation_assessment,0.0097246207,0.0144974227,0.3658536585,0.0278896808,3104,False
accident_h3,validation_assessment,0.0097650181,0.0138248848,0.3414634146,0.026573869,3038,False
accident_h3,validation_assessment,0.0098108511,0.013795424,0.3333333333,0.0264943457,2972,False
accident_h3,validation_assessment,0.0098494862,0.0137646249,0.325203252,0.0264113569,2906,False
accident_h3,validation_assessment,0.009889012,0.0137323944,0.3170731707,0.0263246709,2840,False
accident_h3,validation_assessment,0.0099337621,0.0133381399,0.3008130081,0.0255436659,2774,False
accident_h3,validation_assessment,0.0099716294,0.0136632201,0.3008130081,0.0261391734,2708,False
accident_h3,validation_assessment,0.010024865,0.014004542,0.3008130081,0.0267631103,2642,False
accident_h3,validation_assessment,0.0100696959,0.0139751553,0.2926829268,0.0266765469,2576,False
accident_h3,validation_assessment,0.0101225766,0.0139442231,0.2845528455,0.0265856438,2510,False
accident_h3,validation_assessment,0.0101700172,0.013502455,0.2682926829,0.0257109466,2444,False
accident_h3,validation_assessment,0.0102219072,0.0138772077,0.2682926829,0.0263894442,2378,False
accident_h3,validation_assessment,0.0102599557,0.0134083045,0.2520325203,0.0254620123,2312,False
accident_h3,validation_assessment,0.0103011133,0.0124666073,0.2276422764,0.0236386661,2246,False
accident_h3,validation_assessment,0.0103405973,0.0123853211,0.2195121951,0.0234476769,2180,False
accident_h3,validation_assessment,0.0103777095,0.0127719962,0.2195121951,0.0241394725,2114,False
accident_h3,validation_assessment,0.0104304633,0.0126953125,0.2113821138,0.0239520958,2048,False
accident_h3,validation_assessment,0.0104906283,0.0131180626,0.2113821138,0.0247030879,1982,False
accident_h3,validation_assessment,0.0105490444,0.0120041754,0.1869918699,0.0225600785,1916,False
accident_h3,validation_assessment,0.0105895584,0.0124391563,0.1869918699,0.023326572,1849,False
accident_h3,validation_assessment,0.0106532174,0.0123387549,0.1788617886,0.0230849948,1783,False
accident_h3,validation_assessment,0.0107180163,0.012813046,0.1788617886,0.0239130435,1717,False
accident_h3,validation_assessment,0.0107825063,0.0133252574,0.1788617886,0.0248027057,1651,False
accident_h3,validation_assessment,0.0108426534,0.0119873817,0.1544715447,0.0222482436,1585,False
accident_h3,validation_assessment,0.0109038092,0.0118499013,0.1463414634,0.0219244823,1519,False
accident_h3,validation_assessment,0.0109667037,0.0116999312,0.1382113821,0.0215736041,1453,False
accident_h3,validation_assessment,0.0110311495,0.010814708,0.1219512195,0.0198675497,1387,False
accident_h3,validation_assessment,0.0110857396,0.0113550341,0.1219512195,0.0207756233,1321,False
accident_h3,validation_assessment,0.0111507357,0.0111553785,0.1138211382,0.0203193033,1255,False
accident_h3,validation_assessment,0.0112168118,0.0100925147,0.0975609756,0.0182926829,1189,False
accident_h3,validation_assessment,0.0112776482,0.0089047195,0.081300813,0.0160513644,1123,False
accident_h3,validation_assessment,0.011350221,0.0094607379,0.081300813,0.0169491525,1057,False
accident_h3,validation_assessment,0.0114410206,0.0100908174,0.081300813,0.0179533214,991,False
accident_h3,validation_assessment,0.0115273711,0.0108108108,0.081300813,0.0190839695,925,False
accident_h3,validation_assessment,0.0116219455,0.0116414435,0.081300813,0.0203665988,859,False
accident_h3,validation_assessment,0.0117148106,0.0113493064,0.0731707317,0.019650655,793,False
accident_h3,validation_assessment,0.0118288353,0.0110041265,0.0650406504,0.0188235294,727,False
accident_h3,validation_assessment,0.0119504222,0.0121028744,0.0650406504,0.0204081633,661,False
accident_h3,validation_assessment,0.0121197936,0.0134453782,0.0650406504,0.0222841226,595,False
accident_h3,validation_assessment,0.0122485807,0.0132325142,0.0569105691,0.0214723926,529,False
accident_h3,validation_assessment,0.0124169248,0.0151187905,0.0569105691,0.023890785,463,False
accident_h3,validation_assessment,0.0126162492,0.0151133501,0.0487804878,0.0230769231,397,False
accident_h3,validation_assessment,0.0128772884,0.0181268882,0.0487804878,0.0264317181,331,False
accident_h3,validation_assessment,0.0132201281,0.0226415094,0.0487804878,0.0309278351,265,True
accident_h3,validation_assessment,0.0138134688,0.0201005025,0.0325203252,0.0248447205,199,False
accident_h3,validation_assessment,0.0149658665,0.022556391,0.0243902439,0.0234375,133,False
accident_h3,validation_assessment,0.0169349848,0.0149253731,0.0081300813,0.0105263158,67,False
accident_h3,validation_assessment,0.0226255576,0,0,0,1,False
accident_h3,validation_assessment,0.5,0,0,0,0,False
accident_h4,validation_assessment,0.005185526,0.0093125379,1,0.0184532293,13208,False
accident_h4,validation_assessment,0.0066714553,0.0093600183,1,0.0185464415,13141,False
accident_h4,validation_assessment,0.0068514002,0.0093307839,0.9918699187,0.0184876496,13075,False
accident_h4,validation_assessment,0.0069612967,0.009301253,0.9837398374,0.0184282668,13009,False
accident_h4,validation_assessment,0.0070368523,0.0093486827,0.9837398374,0.0185213531,12943,False
accident_h4,validation_assessment,0.0070989688,0.0093965986,0.9837398374,0.0186153846,12877,False
accident_h4,validation_assessment,0.0071520204,0.0094450082,0.9837398374,0.0187103758,12811,False
accident_h4,validation_assessment,0.0071921744,0.0094939192,0.9837398374,0.0188063413,12745,False
accident_h4,validation_assessment,0.0072289878,0.0093067277,0.9593495935,0.0184346196,12679,False
accident_h4,validation_assessment,0.0072639859,0.0093554269,0.9593495935,0.0185301508,12613,False
accident_h4,validation_assessment,0.0073023831,0.0094046386,0.9593495935,0.0186266772,12547,False
accident_h4,validation_assessment,0.0073341684,0.0093742489,0.9512195122,0.0185655348,12481,False
accident_h4,validation_assessment,0.0073696756,0.0094240838,0.9512195122,0.0186632637,12415,False
accident_h4,validation_assessment,0.0073991186,0.0093934732,0.9430894309,0.0186016677,12349,False
accident_h4,validation_assessment,0.0074206452,0.0094439469,0.9430894309,0.0187006287,12283,False
accident_h4,validation_assessment,0.0074497025,0.009494966,0.9430894309,0.0188006483,12217,False
accident_h4,validation_assessment,0.0074709043,0.0095465394,0.9430894309,0.0189017435,12151,False
accident_h4,validation_assessment,0.0074937091,0.009598676,0.9430894309,0.0190039318,12085,False
accident_h4,validation_assessment,0.0075186777,0.0096513853,0.9430894309,0.0191072311,12019,False
accident_h4,validation_assessment,0.007538713,0.0096210156,0.9349593496,0.0190460417,11953,False
accident_h4,validation_assessment,0.0075628114,0.0096744343,0.9349593496,0.0191507077,11887,False
accident_h4,validation_assessment,0.0075831991,0.0097284494,0.9349593496,0.0192565305,11821,False
accident_h4,validation_assessment,0.0076052696,0.009783071,0.9349593496,0.0193635292,11755,False
accident_h4,validation_assessment,0.0076214321,0.0098383095,0.9349593496,0.0194717237,11689,False
accident_h4,validation_assessment,0.0076399442,0.0098941753,0.9349593496,0.019581134,11623,False
accident_h4,validation_assessment,0.0076578642,0.0098641516,0.9268292683,0.0195205479,11557,False
accident_h4,validation_assessment,0.0076767454,0.009833783,0.918699187,0.0194592733,11491,False
accident_h4,validation_assessment,0.0076943903,0.0098905908,0.918699187,0.0195704884,11425,False
accident_h4,validation_assessment,0.0077099112,0.0098600229,0.9105691057,0.0195087964,11359,False
accident_h4,validation_assessment,0.0077273956,0.0098299681,0.9024390244,0.0194480946,11292,False
accident_h4,validation_assessment,0.0077486323,0.0098877606,0.9024390244,0.0195611948,11226,False
accident_h4,validation_assessment,0.0077675211,0.0099462366,0.9024390244,0.0196756182,11160,False
accident_h4,validation_assessment,0.0077864206,0.0100054083,0.9024390244,0.0197913881,11094,False
accident_h4,validation_assessment,0.0078019355,0.0099746101,0.8943089431,0.0197291723,11028,False
accident_h4,validation_assessment,0.0078188607,0.0100346652,0.8943089431,0.0198466396,10962,False
accident_h4,validation_assessment,0.0078351182,0.0100036711,0.8861788618,0.0197840094,10896,False
accident_h4,validation_assessment,0.0078477574,0.0099722992,0.8780487805,0.0197206245,10830,False
accident_h4,validation_assessment,0.0078644784,0.0100334448,0.8780487805,0.0198401764,10764,False
accident_h4,validation_assessment,0.007881085,0.0100953449,0.8780487805,0.0199611866,10698,False
accident_h4,validation_assessment,0.0078963653,0.0101580135,0.8780487805,0.020083682,10632,False
accident_h4,validation_assessment,0.0079113291,0.0101268219,0.8699186992,0.0200205819,10566,False
accident_h4,validation_assessment,0.0079250929,0.01,0.8536585366,0.019768427,10500,False
accident_h4,validation_assessment,0.0079369444,0.0099674142,0.8455284553,0.019702567,10434,False
accident_h4,validation_assessment,0.0079521703,0.0100308642,0.8455284553,0.019826518,10368,False
accident_h4,validation_assessment,0.0079642591,0.0100951272,0.8455284553,0.0199520384,10302,False
accident_h4,validation_assessment,0.0079776005,0.0101602188,0.8455284553,0.0200791582,10236,False
accident_h4,validation_assessment,0.0079908738,0.0102261554,0.8455284553,0.0202079083,10170,False
accident_h4,validation_assessment,0.0080040569,0.0102929533,0.8455284553,0.0203383201,10104,False
accident_h4,validation_assessment,0.0080180553,0.0103606296,0.8455284553,0.0204704261,10038,False
accident_h4,validation_assessment,0.0080327412,0.0101283594,0.8211382114,0.0200099059,9972,False
accident_h4,validation_assessment,0.0080435617,0.010094892,0.8130081301,0.0199421677,9906,False
accident_h4,validation_assessment,0.0080557639,0.0101626016,0.8130081301,0.0200742748,9840,False
accident_h4,validation_assessment,0.008069152,0.0101289134,0.8048780488,0.0200060624,9774,False
accident_h4,validation_assessment,0.0080841453,0.010197775,0.8048780488,0.0201403723,9708,False
accident_h4,validation_assessment,0.0080952379,0.0102675793,0.8048780488,0.0202764977,9642,False
accident_h4,validation_assessment,0.008109014,0.0103383459,0.8048780488,0.0204144757,9576,False
accident_h4,validation_assessment,0.0081230589,0.0103049422,0.7967479675,0.0203467248,9510,False
accident_h4,validation_assessment,0.008137208,0.0102710716,0.7886178862,0.0202780391,9444,False
accident_h4,validation_assessment,0.0081512072,0.0103444598,0.7886178862,0.0204210526,9377,False
accident_h4,validation_assessment,0.0081625637,0.0102029857,0.7723577236,0.0201399194,9311,False
accident_h4,validation_assessment,0.0081746669,0.0101676582,0.7642276423,0.0200683177,9245,False
accident_h4,validation_assessment,0.008186397,0.0101318226,0.756097561,0.0199956998,9179,False
accident_h4,validation_assessment,0.0081990332,0.0102052014,0.756097561,0.0201385881,9113,False
accident_h4,validation_assessment,0.0082130359,0.0101691168,0.7479674797,0.0200654308,9047,False
accident_h4,validation_assessment,0.0082237022,0.0100211558,0.7317073171,0.019771529,8981,False
accident_h4,validation_assessment,0.0082376565,0.0100953449,0.7317073171,0.0199159106,8915,False
accident_h4,validation_assessment,0.0082486746,0.0099446265,0.7154471545,0.0196165849,8849,False
accident_h4,validation_assessment,0.0082616049,0.0100193556,0.7154471545,0.0197619582,8783,False
accident_h4,validation_assessment,0.0082727193,0.0100952162,0.7154471545,0.0199095023,8717,False
accident_h4,validation_assessment,0.0082844442,0.0101722344,0.7154471545,0.020059266,8651,False
accident_h4,validation_assessment,0.0082940789,0.0101339546,0.7073170732,0.0199816261,8585,False
accident_h4,validation_assessment,0.0083037932,0.0102124663,0.7073170732,0.0201342282,8519,False
accident_h4,validation_assessment,0.0083149659,0.0101739028,0.6991869919,0.0200559701,8453,False
accident_h4,validation_assessment,0.0083255813,0.0101347323,0.6910569106,0.0199764982,8387,False
accident_h4,validation_assessment,0.0083373565,0.0102151184,0.6910569106,0.0201326386,8321,False
accident_h4,validation_assessment,0.0083482696,0.0101756511,0.6829268293,0.0200525185,8255,False
accident_h4,validation_assessment,0.0083584982,0.0101355477,0.674796748,0.0199711261,8189,False
accident_h4,validation_assessment,0.008372259,0.0100947926,0.6666666667,0.0198884308,8123,False
accident_h4,validation_assessment,0.0083869881,0.0101774854,0.6666666667,0.0200488998,8057,False
accident_h4,validation_assessment,0.0083983922,0.0101364035,0.6585365854,0.0199654917,7991,False
accident_h4,validation_assessment,0.0084118942,0.0100946372,0.6504065041,0.0198807157,7925,False
accident_h4,validation_assessment,0.008426581,0.0100521695,0.6422764228,0.0197945377,7859,False
accident_h4,validation_assessment,0.008439099,0.0101373027,0.6422764228,0.0199595755,7793,False
accident_h4,validation_assessment,0.0084494806,0.0102238903,0.6422764228,0.0201273885,7727,False
accident_h4,validation_assessment,0.0084608751,0.0103119697,0.6422764228,0.0202980473,7661,False
accident_h4,validation_assessment,0.0084715446,0.01040158,0.6422764228,0.0204716248,7595,False
accident_h4,validation_assessment,0.0084816834,0.0104941552,0.6422764228,0.0206508953,7528,False
accident_h4,validation_assessment,0.0084926547,0.0103189493,0.6260162602,0.0203032301,7462,False
accident_h4,validation_assessment,0.0085030606,0.010411033,0.6260162602,0.020481447,7396,False
accident_h4,validation_assessment,0.008516711,0.0105047749,0.6260162602,0.0206628203,7330,False
accident_h4,validation_assessment,0.0085263363,0.0106002203,0.6260162602,0.0208474347,7264,False
accident_h4,validation_assessment,0.0085378229,0.010419561,0.6097560976,0.0204890042,7198,False
accident_h4,validation_assessment,0.008550472,0.0105159843,0.6097560976,0.0206753963,7132,False
accident_h4,validation_assessment,0.0085630561,0.0103311633,0.593495935,0.0203088051,7066,False
accident_h4,validation_assessment,0.0085758719,0.0102857143,0.5853658537,0.020216201,7000,False
accident_h4,validation_assessment,0.0085884463,0.0102394001,0.5772357724,0.0201218648,6934,False
accident_h4,validation_assessment,0.0086025016,0.0103377985,0.5772357724,0.0203118295,6868,False
accident_h4,validation_assessment,0.0086166209,0.0101440753,0.5609756098,0.0199277978,6802,False
accident_h4,validation_assessment,0.0086300722,0.0100950119,0.5528455285,0.0198279633,6736,False
accident_h4,validation_assessment,0.0086456616,0.0098950525,0.5365853659,0.019431768,6670,False
accident_h4,validation_assessment,0.0086596896,0.0096910963,0.5203252033,0.0190277984,6604,False
accident_h4,validation_assessment,0.0086698057,0.0096359743,0.512195122,0.0189160787,6538,False
accident_h4,validation_assessment,0.0086808075,0.0097342398,0.512195122,0.0191053829,6472,False
accident_h4,validation_assessment,0.0086950335,0.0098345301,0.512195122,0.0192985143,6406,False
accident_h4,validation_assessment,0.0087064322,0.0099369085,0.512195122,0.0194955903,6340,False
accident_h4,validation_assessment,0.0087192284,0.009722665,0.4959349593,0.0190714397,6274,False
accident_h4,validation_assessment,0.0087313323,0.0098260309,0.4959349593,0.0192702575,6208,False
accident_h4,validation_assessment,0.0087436577,0.0099316184,0.4959349593,0.0194732642,6142,False
accident_h4,validation_assessment,0.0087562151,0.0100394997,0.4959349593,0.0196805936,6076,False
accident_h4,validation_assessment,0.0087675201,0.0101497504,0.4959349593,0.0198923855,6010,False
accident_h4,validation_assessment,0.0087798714,0.0102624495,0.4959349593,0.0201087852,5944,False
accident_h4,validation_assessment,0.0087941593,0.0103776795,0.4959349593,0.020329945,5878,False
accident_h4,validation_assessment,0.0088067969,0.0104955265,0.4959349593,0.0205560236,5812,False
accident_h4,validation_assessment,0.0088186882,0.0104420466,0.487804878,0.0204464134,5746,False
accident_h4,validation_assessment,0.0088309557,0.0105633803,0.487804878,0.0206789592,5680,False
accident_h4,validation_assessment,0.0088425411,0.010511313,0.4796747967,0.0205718271,5613,False
accident_h4,validation_assessment,0.0088552822,0.01063638,0.4796747967,0.0208112875,5547,False
accident_h4,validation_assessment,0.0088686071,0.0103995621,0.4634146341,0.0203426124,5481,False
accident_h4,validation_assessment,0.0088798791,0.0105263158,0.4634146341,0.0205850488,5415,False
accident_h4,validation_assessment,0.0088928667,0.0106561974,0.4634146341,0.0208333333,5349,False
accident_h4,validation_assessment,0.008906175,0.0107893242,0.4634146341,0.0210876804,5283,False
accident_h4,validation_assessment,0.008923041,0.0107341384,0.4552845528,0.0209737828,5217,False
accident_h4,validation_assessment,0.0089371275,0.0108716754,0.4552845528,0.0212362533,5151,False
accident_h4,validation_assessment,0.0089527157,0.0110127827,0.4552845528,0.0215053763,5085,False
accident_h4,validation_assessment,0.0089686921,0.0111576011,0.4552845528,0.021781408,5019,False
accident_h4,validation_assessment,0.0089825984,0.011306279,0.4552845528,0.0220646178,4953,False
accident_h4,validation_assessment,0.0089953045,0.0114589728,0.4552845528,0.0223552894,4887,False
accident_h4,validation_assessment,0.0090099688,0.0116158473,0.4552845528,0.0226537217,4821,False
accident_h4,validation_assessment,0.0090258712,0.0117770768,0.4552845528,0.0229602296,4755,False
accident_h4,validation_assessment,0.0090376792,0.0117295799,0.4471544715,0.0228595179,4689,False
accident_h4,validation_assessment,0.0090544271,0.0118970366,0.4471544715,0.0231774126,4623,False
accident_h4,validation_assessment,0.0090700053,0.0120693439,0.4471544715,0.0235042735,4557,False
accident_h4,validation_assessment,0.0090862956,0.0113560454,0.4146341463,0.022106632,4491,False
accident_h4,validation_assessment,0.0090995994,0.011299435,0.406504065,0.0219876869,4425,False
accident_h4,validation_assessment,0.0091139767,0.0112411103,0.3983739837,0.0218652387,4359,False
accident_h4,validation_assessment,0.0091300546,0.0114139297,0.3983739837,0.022192029,4293,False
accident_h4,validation_assessment,0.0091455108,0.0111189969,0.3821138211,0.0216091954,4227,False
accident_h4,validation_assessment,0.0091647687,0.0112953617,0.3821138211,0.0219421102,4161,False
accident_h4,validation_assessment,0.0091823049,0.0114774115,0.3821138211,0.0222854433,4095,False
accident_h4,validation_assessment,0.0091973893,0.0116654257,0.3821138211,0.0226396917,4029,False
accident_h4,validation_assessment,0.0092110337,0.0118597022,0.3821138211,0.0230053842,3963,False
accident_h4,validation_assessment,0.0092285221,0.0118039518,0.3739837398,0.0228855721,3897,False
accident_h4,validation_assessment,0.0092498226,0.0120073088,0.3739837398,0.0232675771,3831,False
accident_h4,validation_assessment,0.0092665076,0.011424017,0.3495934959,0.0221250322,3764,False
accident_h4,validation_assessment,0.0092825881,0.0113574905,0.3414634146,0.0219837739,3698,False
accident_h4,validation_assessment,0.0093028465,0.0112885463,0.3333333333,0.0218375499,3632,False
accident_h4,validation_assessment,0.0093185137,0.0114974762,0.3333333333,0.0222282461,3566,False
accident_h4,validation_assessment,0.0093355381,0.0108571429,0.3089430894,0.0209770908,3500,False
accident_h4,validation_assessment,0.009353964,0.0107746069,0.3008130081,0.0208040484,3434,False
accident_h4,validation_assessment,0.0093709586,0.0109857482,0.3008130081,0.0211973647,3368,False
accident_h4,validation_assessment,0.0093911048,0.0109024833,0.2926829268,0.0210218978,3302,False
accident_h4,validation_assessment,0.0094110906,0.0111248455,0.2926829268,0.0214349509,3236,False
accident_h4,validation_assessment,0.0094338779,0.0113564669,0.2926829268,0.0218645612,3170,False
accident_h4,validation_assessment,0.0094525751,0.0115979381,0.2926829268,0.0223117447,3104,False
accident_h4,validation_assessment,0.0094763044,0.0118499013,0.2926829268,0.022777602,3038,False
accident_h4,validation_assessment,0.0094968529,0.0117765814,0.2845528455,0.0226171244,2972,False
accident_h4,validation_assessment,0.0095152391,0.0113558156,0.2682926829,0.0217893694,2906,False
accident_h4,validation_assessment,0.0095381631,0.0112676056,0.2601626016,0.02159973,2840,False
accident_h4,validation_assessment,0.009557215,0.0111751983,0.2520325203,0.0214014498,2774,False
accident_h4,validation_assessment,0.0095751201,0.0114475628,0.2520325203,0.0219003886,2708,False
accident_h4,validation_assessment,0.0095931857,0.0117335352,0.2520325203,0.0224231465,2642,False
accident_h4,validation_assessment,0.0096122562,0.0120341615,0.2520325203,0.0229714709,2576,False
accident_h4,validation_assessment,0.0096301856,0.0115537849,0.2357723577,0.0220281048,2510,False
accident_h4,validation_assessment,0.00965363,0.0118657938,0.2357723577,0.0225944683,2444,False
accident_h4,validation_assessment,0.0096788327,0.012195122,0.2357723577,0.0231907237,2378,False
accident_h4,validation_assessment,0.0096972644,0.0125432526,0.2357723577,0.0238193018,2312,False
accident_h4,validation_assessment,0.0097226592,0.0129118433,0.2357723577,0.0244829042,2246,False
accident_h4,validation_assessment,0.0097442443,0.0133027523,0.2357723577,0.0251845419,2180,False
accident_h4,validation_assessment,0.0097658233,0.0132450331,0.2276422764,0.025033527,2114,False
accident_h4,validation_assessment,0.0097900863,0.01171875,0.1951219512,0.0221096269,2048,False
accident_h4,validation_assessment,0.0098138507,0.0121089808,0.1951219512,0.0228028504,1982,False
accident_h4,validation_assessment,0.0098407332,0.012526096,0.1951219512,0.0235409514,1916,False
accident_h4,validation_assessment,0.0098614063,0.0129799892,0.1951219512,0.0243407708,1849,False
accident_h4,validation_assessment,0.0098887578,0.0134604599,0.1951219512,0.0251836306,1783,False
accident_h4,validation_assessment,0.0099133299,0.0133954572,0.1869918699,0.025,1717,False
accident_h4,validation_assessment,0.0099373728,0.0139309509,0.1869918699,0.0259301015,1651,False
accident_h4,validation_assessment,0.0099654749,0.014511041,0.1869918699,0.0269320843,1585,False
accident_h4,validation_assessment,0.0099945849,0.0138248848,0.1707317073,0.0255785627,1519,False
accident_h4,validation_assessment,0.0100273352,0.0130763937,0.1544715447,0.0241116751,1453,False
accident_h4,validation_assessment,0.0100558786,0.0136986301,0.1544715447,0.0251655629,1387,False
accident_h4,validation_assessment,0.0100959719,0.0136260409,0.1463414634,0.0249307479,1321,False
accident_h4,validation_assessment,0.0101290039,0.0135458167,0.1382113821,0.0246734398,1255,False
accident_h4,validation_assessment,0.0101669776,0.0142977292,0.1382113821,0.0259146341,1189,False
accident_h4,validation_assessment,0.0102165075,0.0151380232,0.1382113821,0.0272873194,1123,True
accident_h4,validation_assessment,0.0102783221,0.0151371807,0.1300813008,0.0271186441,1057,False
accident_h4,validation_assessment,0.0103205604,0.0141271443,0.1138211382,0.0251346499,991,False
accident_h4,validation_assessment,0.0103638746,0.0118918919,0.0894308943,0.0209923664,925,False
accident_h4,validation_assessment,0.0104004685,0.0104772992,0.0731707317,0.0183299389,859,False
accident_h4,validation_assessment,0.0104522797,0.0100882724,0.0650406504,0.0174672489,793,False
accident_h4,validation_assessment,0.0105040739,0.0110041265,0.0650406504,0.0188235294,727,False
accident_h4,validation_assessment,0.0105511203,0.0105900151,0.0569105691,0.0178571429,661,False
accident_h4,validation_assessment,0.0106195266,0.0117647059,0.0569105691,0.0194986072,595,False
accident_h4,validation_assessment,0.0107051486,0.011342155,0.0487804878,0.018404908,529,False
accident_h4,validation_assessment,0.0107755453,0.0107991361,0.0406504065,0.0170648464,463,False
accident_h4,validation_assessment,0.0108541753,0.0125944584,0.0406504065,0.0192307692,397,False
accident_h4,validation_assessment,0.0109833267,0.0120845921,0.0325203252,0.0176211454,331,False
accident_h4,validation_assessment,0.0111457924,0.0113207547,0.0243902439,0.0154639175,265,False
accident_h4,validation_assessment,0.0113994873,0.0150753769,0.0243902439,0.0186335404,199,False
accident_h4,validation_assessment,0.0118173141,0.007518797,0.0081300813,0.0078125,133,False
accident_h4,validation_assessment,0.0125905731,0,0,0,67,False
accident_h4,validation_assessment,0.0158993691,0,0,0,1,False
accident_h4,validation_assessment,0.5,0,0,0,0,False
