job_id,task,horizon_windows,split,actual_index,actual_label,predicted_index,predicted_label,rows
congestion_h1,congestion,1,validation,0,Free-flow,0,Free-flow,15443
congestion_h1,congestion,1,validation,0,Free-flow,1,Moderate,1041
congestion_h1,congestion,1,validation,0,Free-flow,2,Heavy,2
congestion_h1,congestion,1,validation,0,Free-flow,3,Severe,0
congestion_h1,congestion,1,validation,1,Moderate,0,Free-flow,607
congestion_h1,congestion,1,validation,1,Moderate,1,Moderate,5329
congestion_h1,congestion,1,validation,1,Moderate,2,Heavy,620
congestion_h1,congestion,1,validation,1,Moderate,3,Severe,39
congestion_h1,congestion,1,validation,2,Heavy,0,Free-flow,4
congestion_h1,congestion,1,validation,2,Heavy,1,Moderate,403
congestion_h1,congestion,1,validation,2,Heavy,2,Heavy,1576
congestion_h1,congestion,1,validation,2,Heavy,3,Severe,630
congestion_h1,congestion,1,validation,3,Severe,0,Free-flow,1
congestion_h1,congestion,1,validation,3,Severe,1,Moderate,11
congestion_h1,congestion,1,validation,3,Severe,2,Heavy,413
congestion_h1,congestion,1,validation,3,Severe,3,Severe,1031
congestion_h1,congestion,1,test,0,Free-flow,0,Free-flow,15352
congestion_h1,congestion,1,test,0,Free-flow,1,Moderate,958
congestion_h1,congestion,1,test,0,Free-flow,2,Heavy,7
congestion_h1,congestion,1,test,0,Free-flow,3,Severe,0
congestion_h1,congestion,1,test,1,Moderate,0,Free-flow,545
congestion_h1,congestion,1,test,1,Moderate,1,Moderate,5404
congestion_h1,congestion,1,test,1,Moderate,2,Heavy,579
congestion_h1,congestion,1,test,1,Moderate,3,Severe,39
congestion_h1,congestion,1,test,2,Heavy,0,Free-flow,2
congestion_h1,congestion,1,test,2,Heavy,1,Moderate,444
congestion_h1,congestion,1,test,2,Heavy,2,Heavy,1553
congestion_h1,congestion,1,test,2,Heavy,3,Severe,677
congestion_h1,congestion,1,test,3,Severe,0,Free-flow,0
congestion_h1,congestion,1,test,3,Severe,1,Moderate,20
congestion_h1,congestion,1,test,3,Severe,2,Heavy,426
congestion_h1,congestion,1,test,3,Severe,3,Severe,1144
congestion_h2,congestion,2,validation,0,Free-flow,0,Free-flow,15158
congestion_h2,congestion,2,validation,0,Free-flow,1,Moderate,1327
congestion_h2,congestion,2,validation,0,Free-flow,2,Heavy,1
congestion_h2,congestion,2,validation,0,Free-flow,3,Severe,0
congestion_h2,congestion,2,validation,1,Moderate,0,Free-flow,469
congestion_h2,congestion,2,validation,1,Moderate,1,Moderate,5206
congestion_h2,congestion,2,validation,1,Moderate,2,Heavy,888
congestion_h2,congestion,2,validation,1,Moderate,3,Severe,32
congestion_h2,congestion,2,validation,2,Heavy,0,Free-flow,4
congestion_h2,congestion,2,validation,2,Heavy,1,Moderate,256
congestion_h2,congestion,2,validation,2,Heavy,2,Heavy,1713
congestion_h2,congestion,2,validation,2,Heavy,3,Severe,627
congestion_h2,congestion,2,validation,3,Severe,0,Free-flow,1
congestion_h2,congestion,2,validation,3,Severe,1,Moderate,4
congestion_h2,congestion,2,validation,3,Severe,2,Heavy,392
congestion_h2,congestion,2,validation,3,Severe,3,Severe,1047
congestion_h2,congestion,2,test,0,Free-flow,0,Free-flow,15048
congestion_h2,congestion,2,test,0,Free-flow,1,Moderate,1263
congestion_h2,congestion,2,test,0,Free-flow,2,Heavy,6
congestion_h2,congestion,2,test,0,Free-flow,3,Severe,0
congestion_h2,congestion,2,test,1,Moderate,0,Free-flow,408
congestion_h2,congestion,2,test,1,Moderate,1,Moderate,5245
congestion_h2,congestion,2,test,1,Moderate,2,Heavy,874
congestion_h2,congestion,2,test,1,Moderate,3,Severe,40
congestion_h2,congestion,2,test,2,Heavy,0,Free-flow,3
congestion_h2,congestion,2,test,2,Heavy,1,Moderate,292
congestion_h2,congestion,2,test,2,Heavy,2,Heavy,1676
congestion_h2,congestion,2,test,2,Heavy,3,Severe,700
congestion_h2,congestion,2,test,3,Severe,0,Free-flow,2
congestion_h2,congestion,2,test,3,Severe,1,Moderate,10
congestion_h2,congestion,2,test,3,Severe,2,Heavy,387
congestion_h2,congestion,2,test,3,Severe,3,Severe,1171
congestion_h3,congestion,3,validation,0,Free-flow,0,Free-flow,15189
congestion_h3,congestion,3,validation,0,Free-flow,1,Moderate,1296
congestion_h3,congestion,3,validation,0,Free-flow,2,Heavy,1
congestion_h3,congestion,3,validation,0,Free-flow,3,Severe,0
congestion_h3,congestion,3,validation,1,Moderate,0,Free-flow,438
congestion_h3,congestion,3,validation,1,Moderate,1,Moderate,5142
congestion_h3,congestion,3,validation,1,Moderate,2,Heavy,973
congestion_h3,congestion,3,validation,1,Moderate,3,Severe,41
congestion_h3,congestion,3,validation,2,Heavy,0,Free-flow,4
congestion_h3,congestion,3,validation,2,Heavy,1,Moderate,222
congestion_h3,congestion,3,validation,2,Heavy,2,Heavy,1732
congestion_h3,congestion,3,validation,2,Heavy,3,Severe,629
congestion_h3,congestion,3,validation,3,Severe,0,Free-flow,1
congestion_h3,congestion,3,validation,3,Severe,1,Moderate,5
congestion_h3,congestion,3,validation,3,Severe,2,Heavy,381
congestion_h3,congestion,3,validation,3,Severe,3,Severe,1046
congestion_h3,congestion,3,test,0,Free-flow,0,Free-flow,15064
congestion_h3,congestion,3,test,0,Free-flow,1,Moderate,1246
congestion_h3,congestion,3,test,0,Free-flow,2,Heavy,7
congestion_h3,congestion,3,test,0,Free-flow,3,Severe,0
congestion_h3,congestion,3,test,1,Moderate,0,Free-flow,420
congestion_h3,congestion,3,test,1,Moderate,1,Moderate,5103
congestion_h3,congestion,3,test,1,Moderate,2,Heavy,998
congestion_h3,congestion,3,test,1,Moderate,3,Severe,46
congestion_h3,congestion,3,test,2,Heavy,0,Free-flow,0
congestion_h3,congestion,3,test,2,Heavy,1,Moderate,226
congestion_h3,congestion,3,test,2,Heavy,2,Heavy,1717
congestion_h3,congestion,3,test,2,Heavy,3,Severe,710
congestion_h3,congestion,3,test,3,Severe,0,Free-flow,0
congestion_h3,congestion,3,test,3,Severe,1,Moderate,5
congestion_h3,congestion,3,test,3,Severe,2,Heavy,374
congestion_h3,congestion,3,test,3,Severe,3,Severe,1184
congestion_h4,congestion,4,validation,0,Free-flow,0,Free-flow,15101
congestion_h4,congestion,4,validation,0,Free-flow,1,Moderate,1216
congestion_h4,congestion,4,validation,0,Free-flow,2,Heavy,167
congestion_h4,congestion,4,validation,0,Free-flow,3,Severe,2
congestion_h4,congestion,4,validation,1,Moderate,0,Free-flow,459
congestion_h4,congestion,4,validation,1,Moderate,1,Moderate,5098
congestion_h4,congestion,4,validation,1,Moderate,2,Heavy,964
congestion_h4,congestion,4,validation,1,Moderate,3,Severe,73
congestion_h4,congestion,4,validation,2,Heavy,0,Free-flow,1
congestion_h4,congestion,4,validation,2,Heavy,1,Moderate,246
congestion_h4,congestion,4,validation,2,Heavy,2,Heavy,1559
congestion_h4,congestion,4,validation,2,Heavy,3,Severe,760
congestion_h4,congestion,4,validation,3,Severe,0,Free-flow,0
congestion_h4,congestion,4,validation,3,Severe,1,Moderate,4
congestion_h4,congestion,4,validation,3,Severe,2,Heavy,315
congestion_h4,congestion,4,validation,3,Severe,3,Severe,1110
congestion_h4,congestion,4,test,0,Free-flow,0,Free-flow,15196
congestion_h4,congestion,4,test,0,Free-flow,1,Moderate,1114
congestion_h4,congestion,4,test,0,Free-flow,2,Heavy,7
congestion_h4,congestion,4,test,0,Free-flow,3,Severe,0
congestion_h4,congestion,4,test,1,Moderate,0,Free-flow,484
congestion_h4,congestion,4,test,1,Moderate,1,Moderate,5106
congestion_h4,congestion,4,test,1,Moderate,2,Heavy,906
congestion_h4,congestion,4,test,1,Moderate,3,Severe,56
congestion_h4,congestion,4,test,2,Heavy,0,Free-flow,0
congestion_h4,congestion,4,test,2,Heavy,1,Moderate,267
congestion_h4,congestion,4,test,2,Heavy,2,Heavy,1566
congestion_h4,congestion,4,test,2,Heavy,3,Severe,810
congestion_h4,congestion,4,test,3,Severe,0,Free-flow,0
congestion_h4,congestion,4,test,3,Severe,1,Moderate,4
congestion_h4,congestion,4,test,3,Severe,2,Heavy,313
congestion_h4,congestion,4,test,3,Severe,3,Severe,1246
accident_h1,accident,1,validation,0,no_accident,0,no_accident,24547
accident_h1,accident,1,validation,0,no_accident,1,accident,1672
accident_h1,accident,1,validation,1,accident,0,no_accident,197
accident_h1,accident,1,validation,1,accident,1,accident,39
accident_h1,accident,1,test,0,no_accident,0,no_accident,24586
accident_h1,accident,1,test,0,no_accident,1,accident,1611
accident_h1,accident,1,test,1,accident,0,no_accident,213
accident_h1,accident,1,test,1,accident,1,accident,46
accident_h2,accident,2,validation,0,no_accident,0,no_accident,25906
accident_h2,accident,2,validation,0,no_accident,1,accident,289
accident_h2,accident,2,validation,1,accident,0,no_accident,229
accident_h2,accident,2,validation,1,accident,1,accident,7
accident_h2,accident,2,test,0,no_accident,0,no_accident,25830
accident_h2,accident,2,test,0,no_accident,1,accident,344
accident_h2,accident,2,test,1,accident,0,no_accident,247
accident_h2,accident,2,test,1,accident,1,accident,11
accident_h3,accident,3,validation,0,no_accident,0,no_accident,25766
accident_h3,accident,3,validation,0,no_accident,1,accident,405
accident_h3,accident,3,validation,1,accident,0,no_accident,230
accident_h3,accident,3,validation,1,accident,1,accident,6
accident_h3,accident,3,test,0,no_accident,0,no_accident,25581
accident_h3,accident,3,test,0,no_accident,1,accident,570
accident_h3,accident,3,test,1,accident,0,no_accident,245
accident_h3,accident,3,test,1,accident,1,accident,13
accident_h4,accident,4,validation,0,no_accident,0,no_accident,24230
accident_h4,accident,4,validation,0,no_accident,1,accident,1917
accident_h4,accident,4,validation,1,accident,0,no_accident,217
accident_h4,accident,4,validation,1,accident,1,accident,19
accident_h4,accident,4,test,0,no_accident,0,no_accident,24114
accident_h4,accident,4,test,0,no_accident,1,accident,2012
accident_h4,accident,4,test,1,accident,0,no_accident,214
accident_h4,accident,4,test,1,accident,1,accident,44
