job_id,task,target_column,horizon_windows,family,candidate_id,preprocessing_family,primary_metric,fold_count,successful_folds,status,mean_macro_f1,std_macro_f1,mean_macro_precision,std_macro_precision,mean_macro_recall,std_macro_recall,mean_accuracy,std_accuracy,fit_seconds,prediction_seconds,failure,parameters_json,mean_roc_auc,std_roc_auc,mean_pr_auc,std_pr_auc
congestion_h1,congestion,target_congestion_h1,1,decision_tree,tree_balanced,tree,macro_f1,5,5,success,0.6075701827,0.0315648067,0.5948063156,0.0398799828,0.6432325084,0.0155965572,0.7700731343,0.0149652395,0.215862,0.190507,,"{""max_depth"":10,""min_samples_leaf"":12}",,,,
congestion_h1,congestion,target_congestion_h1,1,decision_tree,tree_deep,tree,macro_f1,5,5,success,0.5850272354,0.0355077412,0.569982217,0.0364340216,0.6174732384,0.0327074135,0.7549511727,0.0241645334,0.211368,0.196903,,"{""max_depth"":16,""min_samples_leaf"":6}",,,,
congestion_h1,congestion,target_congestion_h1,1,random_forest,forest_balanced,tree,macro_f1,5,5,success,0.6741079862,0.0221154421,0.670250786,0.0256012214,0.6819451761,0.0201814787,0.8270895522,0.0168720073,0.381383,0.372288,,"{""max_depth"":12,""max_features"":0.7,""min_samples_leaf"":6,""n_estimators"":24}",,,,
congestion_h1,congestion,target_congestion_h1,1,random_forest,forest_deep,tree,macro_f1,5,5,success,0.6811728173,0.0134301453,0.6911523919,0.0161818926,0.6811672058,0.0149030795,0.8318567164,0.0192594593,0.619086,0.380074,,"{""max_depth"":18,""max_features"":0.9,""min_samples_leaf"":3,""n_estimators"":48}",,,,
congestion_h1,congestion,target_congestion_h1,1,xgboost,xgb_balanced,tree,macro_f1,5,5,success,0.6688059159,0.0226576315,0.6567573268,0.020654565,0.6907220129,0.0235651536,0.8181094527,0.020744887,0.561968,0.205457,,"{""colsample_bytree"":1.0,""learning_rate"":0.1,""max_depth"":4,""min_child_weight"":5,""n_estimators"":40,""subsample"":1.0}",,,,
congestion_h1,congestion,target_congestion_h1,1,xgboost,xgb_deep,tree,macro_f1,5,5,success,0.6622018294,0.0215842127,0.6572121032,0.021888919,0.6753245893,0.0198865216,0.8190142146,0.0190941191,0.954221,0.212419,,"{""colsample_bytree"":1.0,""learning_rate"":0.06,""max_depth"":6,""min_child_weight"":3,""n_estimators"":64,""subsample"":1.0}",,,,
congestion_h1,congestion,target_congestion_h1,1,svm,svm_regularized,svm,macro_f1,5,5,success,0.5757799834,0.0224595055,0.6152647073,0.0444435698,0.5915634047,0.01690126,0.7753078181,0.0293997523,0.22387,0.100528,,"{""C"":0.1,""max_iter"":5000,""tol"":0.001}",,,,
congestion_h1,congestion,target_congestion_h1,1,svm,svm_default,svm,macro_f1,5,5,success,0.5627752141,0.0473591689,0.6111739337,0.0502849546,0.5856135493,0.0294384139,0.7690343994,0.0302759973,0.267465,0.099842,,"{""C"":1.0,""max_iter"":5000,""tol"":0.001}",,,,
congestion_h2,congestion,target_congestion_h2,2,decision_tree,tree_balanced,tree,macro_f1,5,5,success,0.5773300026,0.0371510385,0.5700535264,0.0341618924,0.6072564249,0.0462164284,0.7579736242,0.0254292082,0.209451,0.21644,,"{""max_depth"":10,""min_samples_leaf"":12}",,,,
congestion_h2,congestion,target_congestion_h2,2,decision_tree,tree_deep,tree,macro_f1,5,5,success,0.5792262871,0.0434765738,0.5737666047,0.0423707178,0.6029674027,0.048077743,0.756571286,0.0268045155,0.213682,0.213358,,"{""max_depth"":16,""min_samples_leaf"":6}",,,,
congestion_h2,congestion,target_congestion_h2,2,random_forest,forest_balanced,tree,macro_f1,5,5,success,0.6499139228,0.0480379842,0.6460631552,0.0427739926,0.6643863941,0.053969541,0.8074873111,0.0257366657,0.380299,0.380611,,"{""max_depth"":12,""max_features"":0.7,""min_samples_leaf"":6,""n_estimators"":24}",,,,
congestion_h2,congestion,target_congestion_h2,2,random_forest,forest_deep,tree,macro_f1,5,5,success,0.6423359655,0.0417094781,0.6477415833,0.0344041939,0.6499854268,0.0467484968,0.8055124037,0.0189250884,0.644383,0.38194,,"{""max_depth"":18,""max_features"":0.9,""min_samples_leaf"":3,""n_estimators"":48}",,,,
congestion_h2,congestion,target_congestion_h2,2,xgboost,xgb_balanced,tree,macro_f1,5,5,success,0.620193319,0.025531754,0.6120122088,0.0292301128,0.6507886794,0.0249756537,0.7909652124,0.0188976986,0.455817,0.201867,,"{""colsample_bytree"":1.0,""learning_rate"":0.1,""max_depth"":4,""min_child_weight"":5,""n_estimators"":40,""subsample"":1.0}",,,,
congestion_h2,congestion,target_congestion_h2,2,xgboost,xgb_deep,tree,macro_f1,5,5,success,0.6300991188,0.0308273092,0.6239964383,0.0295518073,0.6489922701,0.0323548452,0.7970794126,0.0238177369,0.889048,0.209011,,"{""colsample_bytree"":1.0,""learning_rate"":0.06,""max_depth"":6,""min_child_weight"":3,""n_estimators"":64,""subsample"":1.0}",,,,
congestion_h2,congestion,target_congestion_h2,2,svm,svm_regularized,svm,macro_f1,5,5,success,0.555445879,0.0361739412,0.5717325232,0.0358961785,0.5539320707,0.0373433821,0.7590543199,0.0184728014,0.239186,0.098967,,"{""C"":0.1,""max_iter"":5000,""tol"":0.001}",,,,
congestion_h2,congestion,target_congestion_h2,2,svm,svm_default,svm,macro_f1,5,5,success,0.5504457265,0.0449620275,0.5676203663,0.0360772259,0.5506428832,0.0490021992,0.7613319076,0.0182032601,0.289506,0.103007,,"{""C"":1.0,""max_iter"":5000,""tol"":0.001}",,,,
congestion_h3,congestion,target_congestion_h3,3,decision_tree,tree_balanced,tree,macro_f1,5,5,success,0.5789767934,0.0253428236,0.5745828679,0.0176769068,0.6001917494,0.0342426818,0.7599358644,0.021588062,0.192625,0.193704,,"{""max_depth"":10,""min_samples_leaf"":12}",,,,
congestion_h3,congestion,target_congestion_h3,3,decision_tree,tree_deep,tree,macro_f1,5,5,success,0.5727462205,0.0318774186,0.5638385832,0.0291106037,0.5893025746,0.0396147864,0.7508189618,0.0225343162,0.201609,0.193746,,"{""max_depth"":16,""min_samples_leaf"":6}",,,,
congestion_h3,congestion,target_congestion_h3,3,random_forest,forest_balanced,tree,macro_f1,5,5,success,0.6381303761,0.0333249767,0.6351406601,0.0331387353,0.6460366849,0.0344226849,0.7958346203,0.0211792591,0.408207,0.389955,,"{""max_depth"":12,""max_features"":0.7,""min_samples_leaf"":6,""n_estimators"":24}",,,,
congestion_h3,congestion,target_congestion_h3,3,random_forest,forest_deep,tree,macro_f1,5,5,success,0.6278241394,0.0359803984,0.6312095084,0.0314260798,0.6348646375,0.0405764626,0.7929204204,0.0220537972,0.679094,0.408347,,"{""max_depth"":18,""max_features"":0.9,""min_samples_leaf"":3,""n_estimators"":48}",,,,
congestion_h3,congestion,target_congestion_h3,3,xgboost,xgb_balanced,tree,macro_f1,5,5,success,0.6172037554,0.034087132,0.6085034048,0.0383784861,0.651897871,0.0336151871,0.7737576147,0.0143997523,0.432298,0.203955,,"{""colsample_bytree"":1.0,""learning_rate"":0.1,""max_depth"":4,""min_child_weight"":5,""n_estimators"":40,""subsample"":1.0}",,,,
congestion_h3,congestion,target_congestion_h3,3,xgboost,xgb_deep,tree,macro_f1,5,5,success,0.6174313648,0.0404146001,0.6161654337,0.0430684329,0.6419491005,0.044031164,0.7834049764,0.021585121,0.850076,0.234245,,"{""colsample_bytree"":1.0,""learning_rate"":0.06,""max_depth"":6,""min_child_weight"":3,""n_estimators"":64,""subsample"":1.0}",,,,
congestion_h3,congestion,target_congestion_h3,3,svm,svm_regularized,svm,macro_f1,5,5,success,0.5289336474,0.0421302989,0.5504801032,0.0547511116,0.5423911002,0.0455535018,0.7252065637,0.0180252914,0.251534,0.107313,,"{""C"":0.1,""max_iter"":5000,""tol"":0.001}",,,,
congestion_h3,congestion,target_congestion_h3,3,svm,svm_default,svm,macro_f1,5,5,success,0.5297599229,0.039791447,0.5465178494,0.0485881208,0.545073507,0.0476691259,0.7232151437,0.016975401,0.285559,0.100508,,"{""C"":1.0,""max_iter"":5000,""tol"":0.001}",,,,
congestion_h4,congestion,target_congestion_h4,4,decision_tree,tree_balanced,tree,macro_f1,5,5,success,0.5458481073,0.0305313956,0.5457555946,0.0382332821,0.5771988144,0.0299859392,0.7205499139,0.0092542286,0.201205,0.210475,,"{""max_depth"":10,""min_samples_leaf"":12}",,,,
congestion_h4,congestion,target_congestion_h4,4,decision_tree,tree_deep,tree,macro_f1,5,5,success,0.5313297444,0.0287157602,0.5258425255,0.0319250306,0.5556308176,0.0341827081,0.7097928858,0.0097338472,0.211646,0.21227,,"{""max_depth"":16,""min_samples_leaf"":6}",,,,
congestion_h4,congestion,target_congestion_h4,4,random_forest,forest_balanced,tree,macro_f1,5,5,success,0.6297798554,0.036865221,0.6475239072,0.0306495627,0.6329509474,0.0441302954,0.7835106139,0.0288218806,0.422722,0.393957,,"{""max_depth"":12,""max_features"":0.7,""min_samples_leaf"":6,""n_estimators"":24}",,,,
congestion_h4,congestion,target_congestion_h4,4,random_forest,forest_deep,tree,macro_f1,5,5,success,0.6134167265,0.0347595441,0.6477106328,0.0349071272,0.6084740034,0.0389991754,0.7842794033,0.0247912374,0.663487,0.402471,,"{""max_depth"":18,""max_features"":0.9,""min_samples_leaf"":3,""n_estimators"":48}",,,,
congestion_h4,congestion,target_congestion_h4,4,xgboost,xgb_balanced,tree,macro_f1,5,5,success,0.6093451888,0.035492613,0.6128029401,0.046542594,0.622893279,0.0327926087,0.7577076879,0.0139126296,0.407575,0.227397,,"{""colsample_bytree"":1.0,""learning_rate"":0.1,""max_depth"":4,""min_child_weight"":5,""n_estimators"":40,""subsample"":1.0}",,,,
congestion_h4,congestion,target_congestion_h4,4,xgboost,xgb_deep,tree,macro_f1,5,5,success,0.6039351467,0.044114995,0.6204143767,0.0581498196,0.6091623044,0.0410082455,0.766555938,0.0227393186,0.843331,0.222446,,"{""colsample_bytree"":1.0,""learning_rate"":0.06,""max_depth"":6,""min_child_weight"":3,""n_estimators"":64,""subsample"":1.0}",,,,
congestion_h4,congestion,target_congestion_h4,4,svm,svm_regularized,svm,macro_f1,5,5,success,0.5268958565,0.0259165453,0.534286782,0.0322727434,0.5440796289,0.0333487752,0.7108069421,0.0201950688,0.251794,0.107847,,"{""C"":0.1,""max_iter"":5000,""tol"":0.001}",,,,
congestion_h4,congestion,target_congestion_h4,4,svm,svm_default,svm,macro_f1,5,5,success,0.5262441014,0.0231959209,0.5363176644,0.0299480117,0.5399617477,0.0270685918,0.7134526678,0.0183161117,0.292394,0.110395,,"{""C"":1.0,""max_iter"":5000,""tol"":0.001}",,,,
accident_h1,accident,target_accident_h1,1,decision_tree,tree_balanced,tree,roc_auc,5,5,success,,,,,,,,,0.180995,0.201695,,"{""max_depth"":10,""min_samples_leaf"":12}",0.5200190946,0.0115994631,0.0109890798,0.0024211663
accident_h1,accident,target_accident_h1,1,decision_tree,tree_deep,tree,roc_auc,5,5,success,,,,,,,,,0.180431,0.200419,,"{""max_depth"":16,""min_samples_leaf"":6}",0.502465446,0.0055409944,0.0105737541,0.0023053593
accident_h1,accident,target_accident_h1,1,random_forest,forest_balanced,tree,roc_auc,5,5,success,,,,,,,,,0.384692,0.390448,,"{""max_depth"":12,""max_features"":0.7,""min_samples_leaf"":6,""n_estimators"":24}",0.5735234147,0.0286140619,0.0139133959,0.0038541546
accident_h1,accident,target_accident_h1,1,random_forest,forest_deep,tree,roc_auc,5,5,success,,,,,,,,,0.630668,0.395621,,"{""max_depth"":18,""max_features"":0.9,""min_samples_leaf"":3,""n_estimators"":48}",0.5554969027,0.0283137471,0.0132882664,0.0028881353
accident_h1,accident,target_accident_h1,1,xgboost,xgb_balanced,tree,roc_auc,5,5,success,,,,,,,,,0.209458,0.200641,,"{""colsample_bytree"":1.0,""learning_rate"":0.1,""max_depth"":4,""min_child_weight"":5,""n_estimators"":40,""subsample"":1.0}",0.5624929442,0.0321912017,0.0140746028,0.0053836651
accident_h1,accident,target_accident_h1,1,xgboost,xgb_deep,tree,roc_auc,5,5,success,,,,,,,,,0.27754,0.262963,,"{""colsample_bytree"":1.0,""learning_rate"":0.06,""max_depth"":6,""min_child_weight"":3,""n_estimators"":64,""subsample"":1.0}",0.5662102859,0.0274263421,0.0130108246,0.0032477498
accident_h1,accident,target_accident_h1,1,svm,svm_regularized,svm,roc_auc,5,5,success,,,,,,,,,0.182656,0.102009,,"{""C"":0.1,""max_iter"":5000,""tol"":0.001}",0.5326621042,0.0563276169,0.0120523204,0.0030723416
accident_h1,accident,target_accident_h1,1,svm,svm_default,svm,roc_auc,5,5,success,,,,,,,,,0.21601,0.109016,,"{""C"":1.0,""max_iter"":5000,""tol"":0.001}",0.5283294237,0.0532567635,0.0116097501,0.0032652025
accident_h2,accident,target_accident_h2,2,decision_tree,tree_balanced,tree,roc_auc,5,5,success,,,,,,,,,0.176879,0.201976,,"{""max_depth"":10,""min_samples_leaf"":12}",0.4978605143,0.0085720422,0.0099329793,0.0016719996
accident_h2,accident,target_accident_h2,2,decision_tree,tree_deep,tree,roc_auc,5,5,success,,,,,,,,,0.182417,0.202362,,"{""max_depth"":16,""min_samples_leaf"":6}",0.4930623399,0.008540335,0.0098059143,0.0015673319
accident_h2,accident,target_accident_h2,2,random_forest,forest_balanced,tree,roc_auc,5,5,success,,,,,,,,,0.393415,0.404728,,"{""max_depth"":12,""max_features"":0.7,""min_samples_leaf"":6,""n_estimators"":24}",0.5076903742,0.0343223086,0.0114705302,0.00255561
accident_h2,accident,target_accident_h2,2,random_forest,forest_deep,tree,roc_auc,5,5,success,,,,,,,,,0.61077,0.380527,,"{""max_depth"":18,""max_features"":0.9,""min_samples_leaf"":3,""n_estimators"":48}",0.5206784613,0.0239778879,0.0113572288,0.0023450194
accident_h2,accident,target_accident_h2,2,xgboost,xgb_balanced,tree,roc_auc,5,5,success,,,,,,,,,0.211049,0.197208,,"{""colsample_bytree"":1.0,""learning_rate"":0.1,""max_depth"":4,""min_child_weight"":5,""n_estimators"":40,""subsample"":1.0}",0.5121499844,0.0430647122,0.0112733835,0.0027150251
accident_h2,accident,target_accident_h2,2,xgboost,xgb_deep,tree,roc_auc,5,5,success,,,,,,,,,0.277061,0.201314,,"{""colsample_bytree"":1.0,""learning_rate"":0.06,""max_depth"":6,""min_child_weight"":3,""n_estimators"":64,""subsample"":1.0}",0.4972853745,0.0394515005,0.0105958319,0.0026292259
accident_h2,accident,target_accident_h2,2,svm,svm_regularized,svm,roc_auc,5,5,success,,,,,,,,,0.190606,0.103836,,"{""C"":0.1,""max_iter"":5000,""tol"":0.001}",0.5298677956,0.0277102461,0.0125051425,0.0043887661
accident_h2,accident,target_accident_h2,2,svm,svm_default,svm,roc_auc,5,5,success,,,,,,,,,0.224971,0.106079,,"{""C"":1.0,""max_iter"":5000,""tol"":0.001}",0.5221340774,0.0230456547,0.0118499524,0.0037925068
accident_h3,accident,target_accident_h3,3,decision_tree,tree_balanced,tree,roc_auc,5,5,success,,,,,,,,,0.186402,0.197134,,"{""max_depth"":10,""min_samples_leaf"":12}",0.4976110967,0.0082646652,0.0097444029,0.0013947004
accident_h3,accident,target_accident_h3,3,decision_tree,tree_deep,tree,roc_auc,5,5,success,,,,,,,,,0.189688,0.199375,,"{""max_depth"":16,""min_samples_leaf"":6}",0.5012573026,0.0089144447,0.0097684034,0.0012953336
accident_h3,accident,target_accident_h3,3,random_forest,forest_balanced,tree,roc_auc,5,5,success,,,,,,,,,0.379828,0.393161,,"{""max_depth"":12,""max_features"":0.7,""min_samples_leaf"":6,""n_estimators"":24}",0.5067540502,0.0173609829,0.0120704064,0.00303063
accident_h3,accident,target_accident_h3,3,random_forest,forest_deep,tree,roc_auc,5,5,success,,,,,,,,,0.575453,0.422411,,"{""max_depth"":18,""max_features"":0.9,""min_samples_leaf"":3,""n_estimators"":48}",0.5090865846,0.0200415411,0.0110075739,0.0019476051
accident_h3,accident,target_accident_h3,3,xgboost,xgb_balanced,tree,roc_auc,5,5,success,,,,,,,,,0.244678,0.208951,,"{""colsample_bytree"":1.0,""learning_rate"":0.1,""max_depth"":4,""min_child_weight"":5,""n_estimators"":40,""subsample"":1.0}",0.5057281639,0.0231808864,0.0116631312,0.0024983634
accident_h3,accident,target_accident_h3,3,xgboost,xgb_deep,tree,roc_auc,5,5,success,,,,,,,,,0.311201,0.205708,,"{""colsample_bytree"":1.0,""learning_rate"":0.06,""max_depth"":6,""min_child_weight"":3,""n_estimators"":64,""subsample"":1.0}",0.4934107059,0.0238674861,0.0111554342,0.0020454141
accident_h3,accident,target_accident_h3,3,svm,svm_regularized,svm,roc_auc,5,5,success,,,,,,,,,0.198293,0.105701,,"{""C"":0.1,""max_iter"":5000,""tol"":0.001}",0.4795314777,0.0299593363,0.0094210572,0.0019096425
accident_h3,accident,target_accident_h3,3,svm,svm_default,svm,roc_auc,5,5,success,,,,,,,,,0.222718,0.103437,,"{""C"":1.0,""max_iter"":5000,""tol"":0.001}",0.4833379964,0.0304646615,0.0096055173,0.0019815026
accident_h4,accident,target_accident_h4,4,decision_tree,tree_balanced,tree,roc_auc,5,5,success,,,,,,,,,0.176609,0.193258,,"{""max_depth"":10,""min_samples_leaf"":12}",0.5086985058,0.0272578562,0.0105179425,0.0016678045
accident_h4,accident,target_accident_h4,4,decision_tree,tree_deep,tree,roc_auc,5,5,success,,,,,,,,,0.179444,0.193486,,"{""max_depth"":16,""min_samples_leaf"":6}",0.5121989496,0.021153622,0.0110228206,0.0020758499
accident_h4,accident,target_accident_h4,4,random_forest,forest_balanced,tree,roc_auc,5,5,success,,,,,,,,,0.390088,0.37929,,"{""max_depth"":12,""max_features"":0.7,""min_samples_leaf"":6,""n_estimators"":24}",0.5064619378,0.0405360418,0.0116017666,0.0031875993
accident_h4,accident,target_accident_h4,4,random_forest,forest_deep,tree,roc_auc,5,5,success,,,,,,,,,0.564637,0.383558,,"{""max_depth"":18,""max_features"":0.9,""min_samples_leaf"":3,""n_estimators"":48}",0.5103488637,0.0393865793,0.0112880596,0.0018841929
accident_h4,accident,target_accident_h4,4,xgboost,xgb_balanced,tree,roc_auc,5,5,success,,,,,,,,,0.201895,0.205139,,"{""colsample_bytree"":1.0,""learning_rate"":0.1,""max_depth"":4,""min_child_weight"":5,""n_estimators"":40,""subsample"":1.0}",0.527671314,0.0566808812,0.0136255322,0.0049016816
accident_h4,accident,target_accident_h4,4,xgboost,xgb_deep,tree,roc_auc,5,5,success,,,,,,,,,0.29468,0.214358,,"{""colsample_bytree"":1.0,""learning_rate"":0.06,""max_depth"":6,""min_child_weight"":3,""n_estimators"":64,""subsample"":1.0}",0.5217448156,0.0463493435,0.0145729075,0.0054875025
accident_h4,accident,target_accident_h4,4,svm,svm_regularized,svm,roc_auc,5,5,success,,,,,,,,,0.182132,0.097739,,"{""C"":0.1,""max_iter"":5000,""tol"":0.001}",0.5092951094,0.0517277048,0.0117208359,0.0034984201
accident_h4,accident,target_accident_h4,4,svm,svm_default,svm,roc_auc,5,5,success,,,,,,,,,0.195393,0.098895,,"{""C"":1.0,""max_iter"":5000,""tol"":0.001}",0.5075825472,0.0522569552,0.0114482958,0.0031798916
