job_id,target,target_column,horizon_windows,family,candidate_id,preprocessing_family,fold_count,successful_folds,status,mean_rmse,std_rmse,mean_mae,std_mae,mean_mape_percent,std_mape_percent,mean_r_squared,std_r_squared,fit_seconds,prediction_seconds,failure,parameters_json
volume_h1,volume,target_volume_h1,1,linear_regression,linear_default,linear,5,5,success,84.1514848243,4.4739467886,61.0996071644,3.1979295235,17.8284368721,1.556900104,0.9082723293,0.006541992,0.176529,0.108747,,{}
volume_h1,volume,target_volume_h1,1,decision_tree,tree_balanced,tree,5,5,success,96.7569397756,9.519825145,63.3777391609,5.1514177943,15.1473958167,0.8427606089,0.8791910176,0.0130691461,0.210626,0.106339,,"{""max_depth"":8,""min_samples_leaf"":12}"
volume_h1,volume,target_volume_h1,1,decision_tree,tree_deep,tree,5,5,success,102.201955163,7.8281936076,67.6168020773,4.7774053872,16.2483756448,0.7872121614,0.8651697474,0.0089650896,0.232897,0.154408,,"{""max_depth"":14,""min_samples_leaf"":6}"
volume_h1,volume,target_volume_h1,1,random_forest,forest_balanced,tree,5,5,success,81.7403605173,7.8311887356,53.9313205246,3.6082940821,13.3849081795,1.4246996833,0.9134630035,0.0114823831,0.25982,0.17965,,"{""max_depth"":10,""max_features"":0.7,""min_samples_leaf"":8,""n_estimators"":12}"
volume_h1,volume,target_volume_h1,1,random_forest,forest_deep,tree,5,5,success,80.7527810741,7.2621593162,53.4497670463,3.4464483361,13.2458965016,1.3970691083,0.9155361216,0.0105067852,0.390208,0.196759,,"{""max_depth"":14,""max_features"":0.9,""min_samples_leaf"":4,""n_estimators"":24}"
volume_h1,volume,target_volume_h1,1,xgboost,xgb_balanced,tree,5,5,success,84.4032394565,9.0129857166,57.6328336937,3.4069815501,16.1971638236,2.127682929,0.9077877164,0.0135996779,0.311044,0.112668,,"{""colsample_bytree"":1.0,""learning_rate"":0.1,""max_depth"":4,""min_child_weight"":4,""n_estimators"":24,""subsample"":1.0}"
volume_h1,volume,target_volume_h1,1,xgboost,xgb_deep,tree,5,5,success,83.9315967194,9.6143735153,57.4075494285,3.631941177,16.2557577044,2.0606000875,0.9087697331,0.0149099541,0.334452,0.10793,,"{""colsample_bytree"":1.0,""learning_rate"":0.06,""max_depth"":6,""min_child_weight"":3,""n_estimators"":40,""subsample"":1.0}"
volume_h2,volume,target_volume_h2,2,linear_regression,linear_default,linear,5,5,success,106.762758896,6.1938905709,80.1867882605,4.6770110497,24.5074759525,2.1616216295,0.8520115661,0.0120699952,0.159395,0.102461,,{}
volume_h2,volume,target_volume_h2,2,decision_tree,tree_balanced,tree,5,5,success,113.25502649,15.0397200589,74.8797440303,8.0817496765,18.6065815961,2.9533072991,0.8306448156,0.0425169458,0.209862,0.102676,,"{""max_depth"":8,""min_samples_leaf"":12}"
volume_h2,volume,target_volume_h2,2,decision_tree,tree_deep,tree,5,5,success,119.28698557,15.4246082633,79.0355533264,7.9808109798,19.6235420157,2.9195931587,0.8126286075,0.0450688279,0.231263,0.105173,,"{""max_depth"":14,""min_samples_leaf"":6}"
volume_h2,volume,target_volume_h2,2,random_forest,forest_balanced,tree,5,5,success,91.4219294939,13.0939757487,61.4935763851,6.8808893166,15.7511075186,2.2200451337,0.8906842786,0.0260129541,0.254592,0.18004,,"{""max_depth"":10,""max_features"":0.7,""min_samples_leaf"":8,""n_estimators"":12}"
volume_h2,volume,target_volume_h2,2,random_forest,forest_deep,tree,5,5,success,89.4976582393,12.7640285832,59.6119059119,6.1480481117,15.2545941018,2.3152262869,0.8952791385,0.0244796544,0.359093,0.188274,,"{""max_depth"":14,""max_features"":0.9,""min_samples_leaf"":4,""n_estimators"":24}"
volume_h2,volume,target_volume_h2,2,xgboost,xgb_balanced,tree,5,5,success,95.2946704492,12.1610873323,65.8529266107,5.3374403553,18.8513363811,3.2639824706,0.8817419742,0.0237521177,0.196063,0.104833,,"{""colsample_bytree"":1.0,""learning_rate"":0.1,""max_depth"":4,""min_child_weight"":4,""n_estimators"":24,""subsample"":1.0}"
volume_h2,volume,target_volume_h2,2,xgboost,xgb_deep,tree,5,5,success,94.3536884479,14.2238356636,64.8005678457,6.8140896953,18.5105385555,3.3397215913,0.8835218759,0.0291425784,0.314049,0.103678,,"{""colsample_bytree"":1.0,""learning_rate"":0.06,""max_depth"":6,""min_child_weight"":3,""n_estimators"":40,""subsample"":1.0}"
volume_h3,volume,target_volume_h3,3,linear_regression,linear_default,linear,5,5,success,128.049896603,7.2387497426,97.5858084214,5.8092906513,31.4958074622,3.0536847434,0.786302776,0.0205753087,0.154422,0.099972,,{}
volume_h3,volume,target_volume_h3,3,decision_tree,tree_balanced,tree,5,5,success,124.462847061,17.5284921438,81.6368493806,8.8719768237,20.9079492987,2.9670069818,0.7982977037,0.0394515684,0.198676,0.097793,,"{""max_depth"":8,""min_samples_leaf"":12}"
volume_h3,volume,target_volume_h3,3,decision_tree,tree_deep,tree,5,5,success,124.910436265,14.5847603615,82.2548836611,7.4018588615,21.1378984,2.7025500402,0.7969109845,0.0326031738,0.221255,0.10203,,"{""max_depth"":14,""min_samples_leaf"":6}"
volume_h3,volume,target_volume_h3,3,random_forest,forest_balanced,tree,5,5,success,96.2064721183,14.7514043078,64.8945733993,8.2116926974,17.1335893202,2.9530043184,0.8781164965,0.0304360923,0.247946,0.174937,,"{""max_depth"":10,""max_features"":0.7,""min_samples_leaf"":8,""n_estimators"":12}"
volume_h3,volume,target_volume_h3,3,random_forest,forest_deep,tree,5,5,success,98.1499737608,14.548025269,65.5248828293,7.5758231927,17.310445744,2.8462001254,0.8731847056,0.031796904,0.384057,0.188917,,"{""max_depth"":14,""max_features"":0.9,""min_samples_leaf"":4,""n_estimators"":24}"
volume_h3,volume,target_volume_h3,3,xgboost,xgb_balanced,tree,5,5,success,100.693317488,13.8101279363,70.7887829151,6.7958904312,20.9880999218,3.5439445996,0.866968745,0.0308063586,0.196869,0.11225,,"{""colsample_bytree"":1.0,""learning_rate"":0.1,""max_depth"":4,""min_child_weight"":4,""n_estimators"":24,""subsample"":1.0}"
volume_h3,volume,target_volume_h3,3,xgboost,xgb_deep,tree,5,5,success,97.8219505846,13.3893464363,68.1709018688,6.9033221455,20.2039570701,3.6701212911,0.8743072829,0.0287803085,0.311558,0.101491,,"{""colsample_bytree"":1.0,""learning_rate"":0.06,""max_depth"":6,""min_child_weight"":3,""n_estimators"":40,""subsample"":1.0}"
volume_h4,volume,target_volume_h4,4,linear_regression,linear_default,linear,5,5,success,141.519664456,8.6472258087,109.370601954,6.7635616328,37.0749405001,3.9812024356,0.7386016531,0.0251026219,0.145985,0.100742,,{}
volume_h4,volume,target_volume_h4,4,decision_tree,tree_balanced,tree,5,5,success,135.256149825,22.1994274065,90.6477833661,13.1113510364,23.8470958691,4.1010597965,0.7574326875,0.0721659482,0.197516,0.097649,,"{""max_depth"":8,""min_samples_leaf"":12}"
volume_h4,volume,target_volume_h4,4,decision_tree,tree_deep,tree,5,5,success,142.614346627,19.6523382684,94.6195655304,10.4043697611,24.9732815497,3.0811465851,0.7319106964,0.0658378046,0.222174,0.09866,,"{""max_depth"":14,""min_samples_leaf"":6}"
volume_h4,volume,target_volume_h4,4,random_forest,forest_balanced,tree,5,5,success,105.246976967,18.8566733892,71.3742927079,10.4138695331,19.5304554196,4.0527080174,0.8531271423,0.0451638436,0.253107,0.18021,,"{""max_depth"":10,""max_features"":0.7,""min_samples_leaf"":8,""n_estimators"":12}"
volume_h4,volume,target_volume_h4,4,random_forest,forest_deep,tree,5,5,success,104.858441762,20.5367107456,70.6306848025,11.6233664364,19.1080732412,3.8238252705,0.8537358674,0.0494737009,0.344487,0.228062,,"{""max_depth"":14,""max_features"":0.9,""min_samples_leaf"":4,""n_estimators"":24}"
volume_h4,volume,target_volume_h4,4,xgboost,xgb_balanced,tree,5,5,success,109.467893713,17.97477999,76.8941876536,9.8940658595,22.9218083471,4.4906971167,0.840482699,0.0479221605,0.194315,0.10473,,"{""colsample_bytree"":1.0,""learning_rate"":0.1,""max_depth"":4,""min_child_weight"":4,""n_estimators"":24,""subsample"":1.0}"
volume_h4,volume,target_volume_h4,4,xgboost,xgb_deep,tree,5,5,success,108.971966198,18.0029776035,75.7109633613,10.1221567141,22.2202927047,4.3094605874,0.842960137,0.0446524652,0.311925,0.10389,,"{""colsample_bytree"":1.0,""learning_rate"":0.06,""max_depth"":6,""min_child_weight"":3,""n_estimators"":40,""subsample"":1.0}"
speed_h1,speed,target_speed_h1,1,linear_regression,linear_default,linear,5,5,success,4.6719165588,0.1621340309,3.5554108051,0.138269176,11.7311706791,0.971659697,0.8212761084,0.028456626,0.153695,0.102772,,{}
speed_h1,speed,target_speed_h1,1,decision_tree,tree_balanced,tree,5,5,success,5.3758564146,0.4639703961,3.9724510849,0.3537706537,13.2062871395,2.1367771763,0.7593006954,0.0655094434,0.202359,0.103382,,"{""max_depth"":8,""min_samples_leaf"":12}"
speed_h1,speed,target_speed_h1,1,decision_tree,tree_deep,tree,5,5,success,5.8988868787,0.3523899535,4.388255883,0.3070041038,14.5061944674,1.7219350683,0.710104812,0.0778075496,0.235358,0.115032,,"{""max_depth"":14,""min_samples_leaf"":6}"
speed_h1,speed,target_speed_h1,1,random_forest,forest_balanced,tree,5,5,success,4.7759757334,0.4692674276,3.5642983061,0.3615432416,11.8529809853,1.9625959664,0.8083849514,0.0603981691,0.255828,0.180547,,"{""max_depth"":10,""max_features"":0.7,""min_samples_leaf"":8,""n_estimators"":12}"
speed_h1,speed,target_speed_h1,1,random_forest,forest_deep,tree,5,5,success,4.6877100515,0.4849137806,3.4965879481,0.3376055368,11.6805118427,2.0030082473,0.8162817976,0.0542841816,0.370744,0.192626,,"{""max_depth"":14,""max_features"":0.9,""min_samples_leaf"":4,""n_estimators"":24}"
speed_h1,speed,target_speed_h1,1,xgboost,xgb_balanced,tree,5,5,success,4.676127917,0.3357062209,3.4998286615,0.2255594748,12.0621455621,1.8859599394,0.8196125258,0.0395058495,0.192074,0.106792,,"{""colsample_bytree"":1.0,""learning_rate"":0.1,""max_depth"":4,""min_child_weight"":4,""n_estimators"":24,""subsample"":1.0}"
speed_h1,speed,target_speed_h1,1,xgboost,xgb_deep,tree,5,5,success,4.7633007449,0.3705162092,3.5477375099,0.2589569136,12.3116435968,1.9955922523,0.8123693669,0.0439074295,0.307233,0.107805,,"{""colsample_bytree"":1.0,""learning_rate"":0.06,""max_depth"":6,""min_child_weight"":3,""n_estimators"":40,""subsample"":1.0}"
speed_h2,speed,target_speed_h2,2,linear_regression,linear_default,linear,5,5,success,5.6505300468,0.3011257987,4.341256984,0.2302795209,14.484644461,1.5619720481,0.7380507683,0.0432652015,0.145193,0.100984,,{}
speed_h2,speed,target_speed_h2,2,decision_tree,tree_balanced,tree,5,5,success,5.8562430184,0.5986744581,4.3202987095,0.4304041445,14.3381223245,2.3991581644,0.7123212264,0.0858945079,0.201301,0.099496,,"{""max_depth"":8,""min_samples_leaf"":12}"
speed_h2,speed,target_speed_h2,2,decision_tree,tree_deep,tree,5,5,success,6.3280768546,0.6094139065,4.7279438612,0.4501522107,15.4297264883,2.1529795607,0.6626633441,0.1068804365,0.225171,0.098628,,"{""max_depth"":14,""min_samples_leaf"":6}"
speed_h2,speed,target_speed_h2,2,random_forest,forest_balanced,tree,5,5,success,5.1707911497,0.5696026985,3.8381391593,0.3646646718,13.0564361914,2.3158606312,0.7769931106,0.0621104213,0.248416,0.174889,,"{""max_depth"":10,""max_features"":0.7,""min_samples_leaf"":8,""n_estimators"":12}"
speed_h2,speed,target_speed_h2,2,random_forest,forest_deep,tree,5,5,success,5.0628429743,0.5910077481,3.7562624975,0.3809804739,12.7474267609,2.3447519031,0.7861738364,0.0607671451,0.347898,0.235473,,"{""max_depth"":14,""max_features"":0.9,""min_samples_leaf"":4,""n_estimators"":24}"
speed_h2,speed,target_speed_h2,2,xgboost,xgb_balanced,tree,5,5,success,4.9551838182,0.5324805822,3.68439058,0.310080676,12.9314202121,2.5094853391,0.7964567276,0.0514606583,0.198495,0.105182,,"{""colsample_bytree"":1.0,""learning_rate"":0.1,""max_depth"":4,""min_child_weight"":4,""n_estimators"":24,""subsample"":1.0}"
speed_h2,speed,target_speed_h2,2,xgboost,xgb_deep,tree,5,5,success,5.2504798364,0.5506477373,3.8702070383,0.3266824469,13.8125823739,2.4433126816,0.7726228294,0.0505807583,0.329425,0.105049,,"{""colsample_bytree"":1.0,""learning_rate"":0.06,""max_depth"":6,""min_child_weight"":3,""n_estimators"":40,""subsample"":1.0}"
speed_h3,speed,target_speed_h3,3,linear_regression,linear_default,linear,5,5,success,6.4808261948,0.3463411585,4.9991534444,0.3015131076,16.844947629,1.8048084101,0.654570018,0.0569450678,0.158648,0.106646,,{}
speed_h3,speed,target_speed_h3,3,decision_tree,tree_balanced,tree,5,5,success,6.1330586554,0.5794022216,4.4616450035,0.3938397175,14.9875661754,2.5532680184,0.688044094,0.0728683514,0.206052,0.105497,,"{""max_depth"":8,""min_samples_leaf"":12}"
speed_h3,speed,target_speed_h3,3,decision_tree,tree_deep,tree,5,5,success,6.563545031,0.5427714223,4.806835622,0.3550244475,15.963053193,2.4012766421,0.6432210739,0.0776681629,0.233219,0.104237,,"{""max_depth"":14,""min_samples_leaf"":6}"
speed_h3,speed,target_speed_h3,3,random_forest,forest_balanced,tree,5,5,success,5.2795761885,0.8290471817,3.8957037182,0.4930804445,13.2519907075,2.9948337742,0.7650736567,0.0787496944,0.254573,0.184058,,"{""max_depth"":10,""max_features"":0.7,""min_samples_leaf"":8,""n_estimators"":12}"
speed_h3,speed,target_speed_h3,3,random_forest,forest_deep,tree,5,5,success,5.3345918981,0.7490119792,3.954909897,0.4891500417,13.3032982215,2.5857131418,0.7584218822,0.0844358914,0.325951,0.193403,,"{""max_depth"":14,""max_features"":0.9,""min_samples_leaf"":4,""n_estimators"":24}"
speed_h3,speed,target_speed_h3,3,xgboost,xgb_balanced,tree,5,5,success,5.2167324045,0.5912486789,3.8799558303,0.3857147969,13.7598932659,2.6010417254,0.7727378587,0.0627984115,0.19154,0.103829,,"{""colsample_bytree"":1.0,""learning_rate"":0.1,""max_depth"":4,""min_child_weight"":4,""n_estimators"":24,""subsample"":1.0}"
speed_h3,speed,target_speed_h3,3,xgboost,xgb_deep,tree,5,5,success,5.2858169299,0.5791003248,3.9167987716,0.3533715361,13.6476617211,2.5045793831,0.7674235271,0.0604951659,0.301517,0.106329,,"{""colsample_bytree"":1.0,""learning_rate"":0.06,""max_depth"":6,""min_child_weight"":3,""n_estimators"":40,""subsample"":1.0}"
speed_h4,speed,target_speed_h4,4,linear_regression,linear_default,linear,5,5,success,7.0403903473,0.4245597869,5.4687681399,0.3618835043,18.2436506638,2.059121814,0.5922790595,0.063735988,0.160428,0.105952,,{}
speed_h4,speed,target_speed_h4,4,decision_tree,tree_balanced,tree,5,5,success,6.6503801243,1.0235049663,4.8790984415,0.664205391,16.4158671396,3.331582832,0.6287837457,0.11929206,0.212021,0.105332,,"{""max_depth"":8,""min_samples_leaf"":12}"
speed_h4,speed,target_speed_h4,4,decision_tree,tree_deep,tree,5,5,success,6.9602580688,0.8166754144,5.1068659667,0.5124451189,16.9569972179,2.7873162337,0.5953020723,0.1100471599,0.238876,0.106398,,"{""max_depth"":14,""min_samples_leaf"":6}"
speed_h4,speed,target_speed_h4,4,random_forest,forest_balanced,tree,5,5,success,5.2876036735,0.8017266342,3.9247711374,0.4866371591,13.4114695768,3.1080099303,0.7649926705,0.0738895866,0.253102,0.182077,,"{""max_depth"":10,""max_features"":0.7,""min_samples_leaf"":8,""n_estimators"":12}"
speed_h4,speed,target_speed_h4,4,random_forest,forest_deep,tree,5,5,success,5.5246865103,0.8860749585,4.1044284667,0.5700227259,13.9908990841,3.1578857282,0.7430603534,0.0839611613,0.356437,0.195623,,"{""max_depth"":14,""max_features"":0.9,""min_samples_leaf"":4,""n_estimators"":24}"
speed_h4,speed,target_speed_h4,4,xgboost,xgb_balanced,tree,5,5,success,5.5114149901,0.7356564601,4.0825784814,0.453094337,14.4729947677,2.9750694091,0.7446296004,0.0779650167,0.193425,0.107575,,"{""colsample_bytree"":1.0,""learning_rate"":0.1,""max_depth"":4,""min_child_weight"":4,""n_estimators"":24,""subsample"":1.0}"
speed_h4,speed,target_speed_h4,4,xgboost,xgb_deep,tree,5,5,success,5.6441971284,0.7364347313,4.180337995,0.4539167363,14.6458716711,3.1650112218,0.7364353537,0.0656293704,0.305213,0.105088,,"{""colsample_bytree"":1.0,""learning_rate"":0.06,""max_depth"":6,""min_child_weight"":3,""n_estimators"":40,""subsample"":1.0}"
travel_time_h1,travel_time,target_travel_time_h1,1,linear_regression,linear_default,linear,5,5,success,1.9630080325,0.2734790903,1.2800241052,0.1459528289,43.1388963179,5.7009425538,0.3428432895,0.0817299521,0.158537,0.106424,,{}
travel_time_h1,travel_time,target_travel_time_h1,1,decision_tree,tree_balanced,tree,5,5,success,1.8352913075,0.3896045343,0.7991221004,0.1287549857,19.139610448,2.1239280096,0.4371256226,0.0966536567,0.209449,0.104475,,"{""max_depth"":8,""min_samples_leaf"":12}"
travel_time_h1,travel_time,target_travel_time_h1,1,decision_tree,tree_deep,tree,5,5,success,1.9203510164,0.3863897068,0.8135368937,0.1189136351,18.6922135067,1.7075313055,0.3819613183,0.1058225868,0.234691,0.104978,,"{""max_depth"":14,""min_samples_leaf"":6}"
travel_time_h1,travel_time,target_travel_time_h1,1,random_forest,forest_balanced,tree,5,5,success,1.6120412858,0.3598847235,0.6841265133,0.0919952622,16.587185766,1.0463961624,0.5682180135,0.0690599422,0.256469,0.181624,,"{""max_depth"":10,""max_features"":0.7,""min_samples_leaf"":8,""n_estimators"":12}"
travel_time_h1,travel_time,target_travel_time_h1,1,random_forest,forest_deep,tree,5,5,success,1.6006482401,0.3660809108,0.6678570053,0.0956059758,15.8522106769,1.16490393,0.5745793965,0.0714853632,0.35002,0.240108,,"{""max_depth"":14,""max_features"":0.9,""min_samples_leaf"":4,""n_estimators"":24}"
travel_time_h1,travel_time,target_travel_time_h1,1,xgboost,xgb_balanced,tree,5,5,success,1.6485137636,0.3417406823,0.8519960275,0.0927018248,26.0380565661,1.5292788222,0.5469078285,0.055866382,0.199034,0.107301,,"{""colsample_bytree"":1.0,""learning_rate"":0.1,""max_depth"":4,""min_child_weight"":4,""n_estimators"":24,""subsample"":1.0}"
travel_time_h1,travel_time,target_travel_time_h1,1,xgboost,xgb_deep,tree,5,5,success,1.626464742,0.3619623312,0.742092029,0.0955835563,20.6524593724,1.3274460993,0.5600338609,0.0715094491,0.310302,0.108882,,"{""colsample_bytree"":1.0,""learning_rate"":0.06,""max_depth"":6,""min_child_weight"":3,""n_estimators"":40,""subsample"":1.0}"
travel_time_h2,travel_time,target_travel_time_h2,2,linear_regression,linear_default,linear,5,5,success,2.0189433105,0.2882173231,1.294498966,0.0910495706,42.2671455501,1.9512445751,0.3061447848,0.0612565918,0.15627,0.109313,,{}
travel_time_h2,travel_time,target_travel_time_h2,2,decision_tree,tree_balanced,tree,5,5,success,1.9113969338,0.3952690439,0.8720074647,0.1106978557,21.5674698665,1.5138352277,0.3887576853,0.0833261814,0.208453,0.104098,,"{""max_depth"":8,""min_samples_leaf"":12}"
travel_time_h2,travel_time,target_travel_time_h2,2,decision_tree,tree_deep,tree,5,5,success,2.0304547973,0.4050277963,0.8931584598,0.117300588,21.1185617843,1.7483570076,0.3082036878,0.0884054432,0.229355,0.104448,,"{""max_depth"":14,""min_samples_leaf"":6}"
travel_time_h2,travel_time,target_travel_time_h2,2,random_forest,forest_balanced,tree,5,5,success,1.680531689,0.3752420971,0.7391378971,0.104021302,18.6290506963,0.8852759205,0.5296198824,0.070844074,0.255278,0.181171,,"{""max_depth"":10,""max_features"":0.7,""min_samples_leaf"":8,""n_estimators"":12}"
travel_time_h2,travel_time,target_travel_time_h2,2,random_forest,forest_deep,tree,5,5,success,1.6406939462,0.3878922675,0.7160912387,0.1082219985,17.7481686753,1.3000585428,0.5530966351,0.0778993222,0.392495,0.199922,,"{""max_depth"":14,""max_features"":0.9,""min_samples_leaf"":4,""n_estimators"":24}"
travel_time_h2,travel_time,target_travel_time_h2,2,xgboost,xgb_balanced,tree,5,5,success,1.7094966858,0.3964246067,0.8706282316,0.1201900539,26.2495999526,1.1262579562,0.5130097991,0.0839683257,0.202649,0.111127,,"{""colsample_bytree"":1.0,""learning_rate"":0.1,""max_depth"":4,""min_child_weight"":4,""n_estimators"":24,""subsample"":1.0}"
travel_time_h2,travel_time,target_travel_time_h2,2,xgboost,xgb_deep,tree,5,5,success,1.6769767016,0.4092854907,0.7810035258,0.1248837245,21.8228509867,1.5112924003,0.5331624354,0.089158593,0.311988,0.102723,,"{""colsample_bytree"":1.0,""learning_rate"":0.06,""max_depth"":6,""min_child_weight"":3,""n_estimators"":40,""subsample"":1.0}"
travel_time_h3,travel_time,target_travel_time_h3,3,linear_regression,linear_default,linear,5,5,success,2.1091962282,0.3480409116,1.3300989811,0.1383534061,43.9197392821,2.8956760274,0.2448258244,0.054363499,0.155514,0.103623,,{}
travel_time_h3,travel_time,target_travel_time_h3,3,decision_tree,tree_balanced,tree,5,5,success,1.838547416,0.4536926641,0.8074202796,0.1553758357,19.156969484,2.7083019827,0.4363827719,0.1112329327,0.210774,0.105738,,"{""max_depth"":8,""min_samples_leaf"":12}"
travel_time_h3,travel_time,target_travel_time_h3,3,decision_tree,tree_deep,tree,5,5,success,1.9098279094,0.5248000019,0.8165619573,0.1746080247,18.685666666,3.1343930174,0.3896294364,0.1741424774,0.230791,0.106103,,"{""max_depth"":14,""min_samples_leaf"":6}"
travel_time_h3,travel_time,target_travel_time_h3,3,random_forest,forest_balanced,tree,5,5,success,1.661968046,0.423643544,0.7356930793,0.1311631493,18.7593284169,2.056179237,0.5399481766,0.0966847525,0.256042,0.180938,,"{""max_depth"":10,""max_features"":0.7,""min_samples_leaf"":8,""n_estimators"":12}"
travel_time_h3,travel_time,target_travel_time_h3,3,random_forest,forest_deep,tree,5,5,success,1.6530248383,0.4274760867,0.7182107999,0.1277901258,17.5955599946,2.1001435282,0.5450207135,0.0988139218,0.360082,0.191051,,"{""max_depth"":14,""max_features"":0.9,""min_samples_leaf"":4,""n_estimators"":24}"
travel_time_h3,travel_time,target_travel_time_h3,3,xgboost,xgb_balanced,tree,5,5,success,1.7040808942,0.3772621502,0.8410167742,0.104445591,24.8969243164,1.9376010134,0.5140699742,0.0694230637,0.197492,0.103933,,"{""colsample_bytree"":1.0,""learning_rate"":0.1,""max_depth"":4,""min_child_weight"":4,""n_estimators"":24,""subsample"":1.0}"
travel_time_h3,travel_time,target_travel_time_h3,3,xgboost,xgb_deep,tree,5,5,success,1.6739401719,0.4178100165,0.7732522572,0.1260835416,21.4580592748,2.1194956006,0.5336193801,0.091735487,0.290739,0.103531,,"{""colsample_bytree"":1.0,""learning_rate"":0.06,""max_depth"":6,""min_child_weight"":3,""n_estimators"":40,""subsample"":1.0}"
travel_time_h4,travel_time,target_travel_time_h4,4,linear_regression,linear_default,linear,5,5,success,2.1763712247,0.3758389177,1.3936869279,0.1832404984,46.5378919124,4.2917215767,0.1966184709,0.0599871219,0.15372,0.103835,,{}
travel_time_h4,travel_time,target_travel_time_h4,4,decision_tree,tree_balanced,tree,5,5,success,1.9479092555,0.3878937879,0.885598758,0.1099158501,21.859920326,1.6795198166,0.3592235415,0.0831836847,0.204259,0.099914,,"{""max_depth"":8,""min_samples_leaf"":12}"
travel_time_h4,travel_time,target_travel_time_h4,4,decision_tree,tree_deep,tree,5,5,success,2.0216016911,0.3444474652,0.8677448232,0.1002109116,20.5404352942,0.9698572485,0.3082061362,0.0340202815,0.222824,0.099058,,"{""max_depth"":14,""min_samples_leaf"":6}"
travel_time_h4,travel_time,target_travel_time_h4,4,random_forest,forest_balanced,tree,5,5,success,1.695203971,0.417014512,0.750749868,0.1320653298,19.0365090514,1.5015392077,0.5204319677,0.0905240597,0.247324,0.182697,,"{""max_depth"":10,""max_features"":0.7,""min_samples_leaf"":8,""n_estimators"":12}"
travel_time_h4,travel_time,target_travel_time_h4,4,random_forest,forest_deep,tree,5,5,success,1.6765746061,0.4202603644,0.7318404561,0.1483602195,18.1142720813,2.4351742962,0.5314475879,0.0923683912,0.314826,0.193183,,"{""max_depth"":14,""max_features"":0.9,""min_samples_leaf"":4,""n_estimators"":24}"
travel_time_h4,travel_time,target_travel_time_h4,4,xgboost,xgb_balanced,tree,5,5,success,1.7431153385,0.4373996348,0.8870772437,0.1757802619,27.0289730834,3.8335273058,0.4931064286,0.1015076676,0.19826,0.106233,,"{""colsample_bytree"":1.0,""learning_rate"":0.1,""max_depth"":4,""min_child_weight"":4,""n_estimators"":24,""subsample"":1.0}"
travel_time_h4,travel_time,target_travel_time_h4,4,xgboost,xgb_deep,tree,5,5,success,1.7284263289,0.4477246891,0.8059304666,0.165515128,22.444570933,3.1784975285,0.5029211365,0.1065632552,0.334572,0.105641,,"{""colsample_bytree"":1.0,""learning_rate"":0.06,""max_depth"":6,""min_child_weight"":3,""n_estimators"":40,""subsample"":1.0}"
