horizon_windows,horizon_minutes,split,dimension,slice_value,rows,sufficient_support,deep_rmse,classical_rmse,rmse_delta_deep_minus_classical,deep_mae,classical_mae,mean_absolute_error_delta,deep_row_win_rate
1,30,test,overall,all,26500,True,60.1443300477,63.2353608803,-3.0910308326,40.5448427652,41.9200251189,-1.37518235364,0.501471698113
1,30,test,road_id,NL-001,1060,True,57.1516567097,59.7616228768,-2.6099661671,39.1647546144,40.8132035133,-1.64844889885,0.519811320755
1,30,test,road_id,NL-002,1060,True,73.8990942514,75.6338512386,-1.7347569872,51.0718975188,53.0152079253,-1.94331040647,0.516037735849
1,30,test,road_id,NL-003,1060,True,56.2637404855,61.1833848286,-4.9196443431,38.5493495122,41.3648530939,-2.81550358173,0.547169811321
1,30,test,road_id,NL-004,1060,True,73.5304955052,72.3420916242,1.188403881,51.3542184089,50.980896495,0.373321913901,0.461320754717
1,30,test,road_id,NL-005,1060,True,69.4574007587,70.9101824711,-1.4527817124,48.836495911,47.8095854044,1.0269105066,0.448113207547
1,30,test,road_id,NL-006,1060,True,75.6805491856,78.1390380823,-2.4584888967,52.8397066079,53.6983755736,-0.858668965744,0.480188679245
1,30,test,road_id,NL-007,1060,True,58.3334623813,63.4186864147,-5.0852240334,39.3745801246,42.4079993759,-3.03341925136,0.515094339623
1,30,test,road_id,NL-008,1060,True,65.6956156386,70.0025140092,-4.3068983706,44.6298713793,46.9069589413,-2.27708756205,0.504716981132
1,30,test,road_id,NL-009,1060,True,51.5263846309,56.2453874606,-4.7190028297,35.9337797258,38.9814237845,-3.04764405871,0.537735849057
1,30,test,road_id,NL-010,1060,True,61.6948268115,63.4637916298,-1.7689648183,42.6551431096,44.2194291439,-1.56428603433,0.525471698113
1,30,test,road_id,NL-011,1060,True,48.4520116181,50.1578565476,-1.7058449295,32.8915617844,33.5729611725,-0.681399388035,0.481132075472
1,30,test,road_id,NL-012,1060,True,39.9980748146,43.1300447058,-3.1319698912,29.0989003691,29.9374915088,-0.838591139615,0.491509433962
1,30,test,road_id,NL-013,1060,True,44.4278845458,46.1673037244,-1.7394191786,30.1533814514,30.7068668676,-0.553485416271,0.522641509434
1,30,test,road_id,NL-014,1060,True,72.2952676532,78.8352134271,-6.5399457739,46.7053093449,48.9966099727,-2.29130062788,0.492452830189
1,30,test,road_id,NL-015,1060,True,66.4311835203,71.081157339,-4.6499738187,47.4261319453,48.1395399323,-0.71340798705,0.482075471698
1,30,test,road_id,NL-016,1060,True,68.0870598427,69.1667577775,-1.0796979348,47.8265806049,47.6554211542,0.171159450713,0.504716981132
1,30,test,road_id,NL-017,1060,True,46.7883510374,49.3361898492,-2.5478388118,32.2402171707,33.1731229241,-0.932905753395,0.492452830189
1,30,test,road_id,NL-018,1060,True,44.6530882097,50.6681993165,-6.0151111068,30.4925148184,32.6231321626,-2.1306173442,0.503773584906
1,30,test,road_id,NL-019,1060,True,81.1911547718,84.7921478755,-3.6009931037,54.5748659947,55.430689241,-0.855823246295,0.474528301887
1,30,test,road_id,NL-020,1060,True,44.0364595352,47.5187705373,-3.4823110021,30.7807247062,32.1673606965,-1.38663599029,0.480188679245
1,30,test,road_id,NL-021,1060,True,53.8692280377,56.8609846329,-2.9917565952,37.6200862518,39.44597811,-1.82589185818,0.531132075472
1,30,test,road_id,NL-022,1060,True,49.6511000159,54.4938120407,-4.8427120248,33.7760540135,35.3693623871,-1.59330837358,0.497169811321
1,30,test,road_id,NL-023,1060,True,66.2350445977,69.7522608668,-3.5172162691,44.3829068221,46.6081450694,-2.22523824733,0.522641509434
1,30,test,road_id,NL-024,1060,True,57.0114337553,60.912257612,-3.9008238567,37.5429537452,39.3061414099,-1.76318766468,0.501886792453
1,30,test,road_id,NL-025,1060,True,49.8635170903,51.6248468707,-1.7613297804,33.6990831956,34.6698721119,-0.970788916277,0.502830188679
1,30,test,origin_hour,0,1100,True,25.3099698813,22.5728502164,2.7371196649,19.1246494655,16.5554665834,2.56918288205,0.423636363636
1,30,test,origin_hour,1,1100,True,21.8008460265,20.7912339344,1.0096120921,16.4634054598,15.5528008541,0.910604605622,0.459090909091
1,30,test,origin_hour,2,1100,True,20.7497170062,19.9110590036,0.8386580026,15.5395822095,14.96498707,0.574595139444,0.481818181818
1,30,test,origin_hour,3,1100,True,22.8482958364,21.8460957203,1.0022001161,16.896625688,15.8861722202,1.01045346778,0.448181818182
1,30,test,origin_hour,4,1100,True,25.3803510438,24.6617463046,0.7186047392,18.996098125,18.1195588325,0.87653929252,0.46
1,30,test,origin_hour,5,1100,True,37.9074403934,38.9972388639,-1.0897984705,27.9461081913,28.09776945,-0.151661258723,0.489090909091
1,30,test,origin_hour,6,1100,True,58.5497775997,62.3084133486,-3.7586357489,43.3731634558,46.0828886915,-2.7097252357,0.534545454545
1,30,test,origin_hour,7,1100,True,90.4707906389,96.5867832097,-6.1159925708,67.9235324499,72.2240240663,-4.30049161635,0.53
1,30,test,origin_hour,8,1100,True,102.273076175,104.385789027,-2.1127128515,77.7159443452,79.9606800185,-2.2447356734,0.516363636364
1,30,test,origin_hour,9,1100,True,92.9008398701,98.9812261859,-6.0803863158,67.8134273986,71.8155778617,-4.00215046313,0.526363636364
1,30,test,origin_hour,10,1100,True,58.7328939211,66.5077715755,-7.7748776544,44.9305895627,50.7783517199,-5.84776215719,0.58
1,30,test,origin_hour,11,1100,True,48.9713107562,53.0780332433,-4.1067224871,36.564406943,39.3304117917,-2.76600484869,0.557272727273
1,30,test,origin_hour,12,1100,True,48.7308925051,48.8681159777,-0.1372234726,37.5697392753,38.0655136337,-0.495774358318,0.517272727273
1,30,test,origin_hour,13,1100,True,51.1683906916,52.6720960885,-1.5037053969,37.805840049,39.1816575829,-1.3758175339,0.523636363636
1,30,test,origin_hour,14,1100,True,52.8342282412,55.7396228242,-2.905394583,39.8780863472,41.9409451122,-2.06285876497,0.522727272727
1,30,test,origin_hour,15,1100,True,67.9789223098,72.2249645007,-4.2460421909,50.9195236227,53.695989274,-2.77646565132,0.532727272727
1,30,test,origin_hour,16,1100,True,93.477828878,98.4275969143,-4.9497680363,69.5756665211,72.0621823568,-2.48651583573,0.517272727273
1,30,test,origin_hour,17,1100,True,93.557501075,101.146489611,-7.5889885364,72.5569265172,77.9163541367,-5.35942761944,0.542727272727
1,30,test,origin_hour,18,1100,True,88.8976274186,93.3975556355,-4.4999282169,68.2354560467,71.3435913777,-3.10813533099,0.514545454545
1,30,test,origin_hour,19,1100,True,64.8751908603,70.1736654831,-5.2984746228,48.4588861372,52.3388739544,-3.87998781716,0.547272727273
1,30,test,origin_hour,20,1150,True,43.912384751,44.6483838899,-0.7359991389,32.0086759775,32.8817318681,-0.873055890524,0.502608695652
1,30,test,origin_hour,21,1150,True,28.0616715133,28.4721409692,-0.4104694559,21.4088439041,21.51166988,-0.10282597592,0.505217391304
1,30,test,origin_hour,22,1100,True,23.1645900614,22.3560477037,0.8085423577,18.1243245309,16.9374271798,1.18689735113,0.428181818182
1,30,test,origin_hour,23,1100,True,32.5623488805,27.5546861871,5.0076626934,24.5045498536,20.1744613591,4.33008849448,0.374545454545
1,30,test,weekday,Friday,3800,True,61.0639314865,62.6043799989,-1.5404485124,41.9901187099,42.8616568471,-0.871538137244,0.508684210526
1,30,test,weekday,Monday,3600,True,72.9739333583,76.7292295036,-3.7552961453,48.1892295386,48.8220145208,-0.632784982215,0.478611111111
1,30,test,weekday,Saturday,4700,True,50.5173742995,53.8853008284,-3.3679265289,34.1000161883,35.9197983049,-1.81978211657,0.51914893617
1,30,test,weekday,Sunday,3600,True,44.1906563689,46.6567299733,-2.4660736044,30.2067121579,31.3375166298,-1.13080447193,0.493611111111
1,30,test,weekday,Thursday,3600,True,69.537253872,75.9916885756,-6.4544347036,47.8707732245,51.2816257138,-3.41085248926,0.510277777778
1,30,test,weekday,Tuesday,3600,True,60.0677408999,61.5841987978,-1.5164578979,41.4104592532,42.0397503059,-0.629291052739,0.494722222222
1,30,test,weekday,Wednesday,3600,True,60.3185602799,62.2534115879,-1.934851308,41.9355497414,42.9589032737,-1.02335353224,0.499444444444
1,30,test,weekday_type,weekday,18200,True,64.9746217497,68.1313113945,-3.1566896448,44.2540710673,45.5627776786,-1.30870661125,0.498461538462
1,30,test,weekday_type,weekend,8300,True,47.8760382201,50.8762994976,-3.0002612775,32.4113541992,33.9323026386,-1.52094843938,0.508072289157
1,30,test,peak_status,evening_peak,3300,True,83.3958123593,89.215206265,-5.8193939057,63.0837562337,67.1996064896,-4.11585025586,0.534848484848
1,30,test,peak_status,morning_peak,3300,True,95.3507771647,100.037797488,-4.6870203233,71.1509680646,74.6667606488,-3.51579258429,0.524242424242
1,30,test,peak_status,off_peak,19900,True,46.4334154689,48.4301402728,-1.9967248039,31.7318463866,32.2975705575,-0.565724170807,0.49216080402
1,30,test,weather_condition,Clear,19908,True,60.3355038602,63.1614606233,-2.8259567631,40.26371938,41.349209428,-1.08549004799,0.495228049026
1,30,test,weather_condition,Cloudy,4312,True,58.5819459343,62.016819802,-3.4348738677,40.3461054559,42.3729558974,-2.02685044152,0.513218923933
1,30,test,weather_condition,Fog,166,True,81.04728402,89.9872819912,-8.9399979712,57.60774478,59.2907033316,-1.68295855162,0.512048192771
1,30,test,weather_condition,Overcast,946,True,59.0128550633,61.5697389085,-2.5568838452,41.4047362191,43.2453817084,-1.84064548934,0.529598308668
1,30,test,weather_condition,Rain,1168,True,59.9943154611,65.6291174122,-5.6348019511,42.9486601364,46.4349577732,-3.48629763688,0.540239726027
1,30,test,actual_congestion,Free-flow,16097,True,38.1822084186,39.749012846,-1.5668044274,25.8626985108,26.3276409214,-0.464942410556,0.49058830838
1,30,test,actual_congestion,Heavy,2536,True,82.2397571855,93.4041494916,-11.1643923061,64.3220342846,71.8684329007,-7.5463986161,0.575315457413
1,30,test,actual_congestion,Moderate,6332,True,70.8779668346,74.8360632749,-3.9580964403,53.9528918515,56.1094183055,-2.15652645397,0.517687934302
1,30,test,actual_congestion,Severe,1535,True,123.547202658,122.264086846,1.2831158127,99.9192737461,97.4211382359,2.49813551017,0.42671009772
1,30,validation,overall,all,26500,True,58.1037429723,61.2704150728,-3.1666721005,39.737911818,41.3271007248,-1.58918890687,0.506226415094
1,30,validation,road_id,NL-001,1060,True,58.2329029155,62.1910291535,-3.958126238,39.227665222,40.7364601111,-1.50879488907,0.501886792453
1,30,validation,road_id,NL-002,1060,True,71.5820680905,75.1260318913,-3.5439638008,50.5365905195,52.5575738584,-2.02098333886,0.525471698113
1,30,validation,road_id,NL-003,1060,True,54.7660030272,57.7793424693,-3.0133394421,37.7099865001,40.3083670919,-2.59838059177,0.539622641509
1,30,validation,road_id,NL-004,1060,True,70.679505751,76.6826263846,-6.0031206336,49.3597752062,53.2774704155,-3.91769520932,0.52641509434
1,30,validation,road_id,NL-005,1060,True,68.8511118775,70.5431024795,-1.691990602,47.9426429169,49.3629963117,-1.42035339476,0.48679245283
1,30,validation,road_id,NL-006,1060,True,75.7732746894,80.9738797997,-5.2006051103,52.4765011404,56.4114419539,-3.9349408135,0.55
1,30,validation,road_id,NL-007,1060,True,55.2450962246,59.219733463,-3.9746372384,37.9397074536,39.844233144,-1.90452569038,0.5
1,30,validation,road_id,NL-008,1060,True,62.7982551782,64.7294804066,-1.9312252284,43.3827789924,44.51705696,-1.13427796753,0.502830188679
1,30,validation,road_id,NL-009,1060,True,48.5656829392,53.0470367988,-4.4813538596,34.7046511993,37.52794906,-2.82329786068,0.519811320755
1,30,validation,road_id,NL-010,1060,True,62.0195184366,64.2680017652,-2.2484833286,42.3949194052,43.8813806169,-1.48646121168,0.518867924528
1,30,validation,road_id,NL-011,1060,True,49.1426246495,52.2439569571,-3.1013323076,34.3520091201,35.4889356855,-1.1369265653,0.5
1,30,validation,road_id,NL-012,1060,True,38.6462402303,41.8592688408,-3.2130286105,27.0220884477,28.3572423785,-1.33515393081,0.515094339623
1,30,validation,road_id,NL-013,1060,True,41.5266806093,44.3996153741,-2.8729347648,29.5946720446,31.1297425184,-1.53507047382,0.534905660377
1,30,validation,road_id,NL-014,1060,True,63.932562904,65.3998208239,-1.4672579199,44.1237792047,44.2516177437,-0.127838539074,0.46320754717
1,30,validation,road_id,NL-015,1060,True,64.3428092204,67.2854394612,-2.9426302408,46.6221814777,47.9011409766,-1.27895949883,0.489622641509
1,30,validation,road_id,NL-016,1060,True,64.5317558786,68.2576328577,-3.7258769791,44.3855527017,46.7289693945,-2.34341669283,0.540566037736
1,30,validation,road_id,NL-017,1060,True,45.885605292,49.931188287,-4.045582995,32.5416468217,33.8570574529,-1.31541063122,0.472641509434
1,30,validation,road_id,NL-018,1060,True,42.596219882,44.8475014782,-2.2512815962,29.7304089833,30.4994838185,-0.769074835151,0.495283018868
1,30,validation,road_id,NL-019,1060,True,78.4409242389,82.1658743312,-3.7249500923,53.8731417217,56.249480948,-2.37633922622,0.52358490566
1,30,validation,road_id,NL-020,1060,True,42.6261101963,44.366348998,-1.7402388017,30.5150784064,30.3258350558,0.189243350561,0.441509433962
1,30,validation,road_id,NL-021,1060,True,52.3909629028,54.4055685326,-2.0146056298,36.6614567943,37.1322025952,-0.470745800915,0.487735849057
1,30,validation,road_id,NL-022,1060,True,50.7182565053,54.9073227764,-4.1890662711,34.8288416119,35.915790179,-1.08694856702,0.478301886792
1,30,validation,road_id,NL-023,1060,True,61.8947227755,64.7422630656,-2.8475402901,43.8411739787,44.9691609268,-1.12798694813,0.531132075472
1,30,validation,road_id,NL-024,1060,True,51.4239800597,54.1194353625,-2.6954553028,35.4735506031,36.9470116172,-1.47346101409,0.525471698113
1,30,validation,road_id,NL-025,1060,True,50.0126053516,52.0684188105,-2.0558134589,34.2069949757,34.9989173072,-0.791922331461,0.484905660377
1,30,validation,origin_hour,0,1100,True,24.4081682278,21.1743264063,3.2338418215,18.8772748832,16.2863229257,2.59095195745,0.416363636364
1,30,validation,origin_hour,1,1100,True,20.9228275717,19.3984426208,1.5243849509,16.4827750816,14.862387311,1.6203877706,0.425454545455
1,30,validation,origin_hour,2,1100,True,21.7813157152,20.6744763349,1.1068393803,16.5628179514,15.321733254,1.24108469736,0.449090909091
1,30,validation,origin_hour,3,1100,True,22.8246466198,21.7070515755,1.1175950443,17.4356014771,15.9972967682,1.43830470895,0.444545454545
1,30,validation,origin_hour,4,1125,True,23.5906491597,23.2920578326,0.2985913271,18.0058145386,17.4770749914,0.528739547203,0.501333333333
1,30,validation,origin_hour,5,1150,True,34.1931744155,34.0272996619,0.1658747536,25.2982699956,25.132447525,0.165822470608,0.489565217391
1,30,validation,origin_hour,6,1125,True,60.4720821318,62.8341944473,-2.3621123155,45.6194900064,47.2970660257,-1.67757601931,0.505777777778
1,30,validation,origin_hour,7,1100,True,91.9955593033,98.8662084718,-6.8706491685,69.2657691565,74.7085895875,-5.442820431,0.544545454545
1,30,validation,origin_hour,8,1100,True,101.776143315,105.936400674,-4.1602573587,76.1992532884,80.8312308108,-4.63197752243,0.550909090909
1,30,validation,origin_hour,9,1100,True,80.298812197,89.7863666091,-9.4875544121,61.0035910586,68.0469465076,-7.04335544903,0.561818181818
1,30,validation,origin_hour,10,1100,True,58.833450931,67.0105282528,-8.1770773218,43.7443885401,50.6130212849,-6.86863274482,0.590909090909
1,30,validation,origin_hour,11,1100,True,47.491184285,50.1388417087,-2.6476574237,35.9395812857,38.5159948048,-2.5764135191,0.562727272727
1,30,validation,origin_hour,12,1100,True,46.1044458897,48.0817449405,-1.9772990508,34.3618219398,36.4904207251,-2.12859878528,0.551818181818
1,30,validation,origin_hour,13,1100,True,46.7489705176,47.6088540123,-0.8598834947,35.6688206075,36.5879364287,-0.919115821179,0.513636363636
1,30,validation,origin_hour,14,1100,True,53.3584602852,55.7443589907,-2.3858987055,40.196514861,41.9410883316,-1.74457347067,0.53
1,30,validation,origin_hour,15,1100,True,68.8297897562,69.2863721894,-0.4565824332,52.193769762,52.0198829297,0.173886832322,0.5
1,30,validation,origin_hour,16,1100,True,88.830540029,91.3092621647,-2.4787221357,68.2465708233,71.1158958032,-2.86932497982,0.543636363636
1,30,validation,origin_hour,17,1100,True,90.8118059212,94.9017512579,-4.0899453367,71.9056501386,74.86392042,-2.95827028138,0.530909090909
1,30,validation,origin_hour,18,1100,True,84.2032965901,90.8901632193,-6.6868666292,66.6063651473,71.6235743769,-5.01720922959,0.542727272727
1,30,validation,origin_hour,19,1100,True,60.0407888036,68.8193058343,-8.7785170307,45.4277801657,51.8966222123,-6.46884204652,0.565454545455
1,30,validation,origin_hour,20,1100,True,42.084178828,44.3616537469,-2.2774749189,32.4685595333,33.6909472876,-1.2223877543,0.514545454545
1,30,validation,origin_hour,21,1100,True,29.1001606397,29.8619280625,-0.7617674228,21.838804443,21.9265531309,-0.0877486879308,0.496363636364
1,30,validation,origin_hour,22,1100,True,22.8969760726,21.6364264998,1.2605495728,18.2999071459,16.5354344492,1.76447269669,0.425454545455
1,30,validation,origin_hour,23,1100,True,30.2439532724,26.347849227,3.8961040454,23.0772782263,19.2105151142,3.86676311216,0.392727272727
1,30,validation,weekday,Friday,3925,True,58.0275492456,59.324314906,-1.2967656604,40.5272602468,40.674826007,-0.147565760157,0.491719745223
1,30,validation,weekday,Monday,3600,True,64.6341947699,66.6015246064,-1.9673298365,44.0622017257,45.2884159643,-1.22621423852,0.515
1,30,validation,weekday,Saturday,3600,True,50.3508604816,53.6917630275,-3.3409025459,33.575174941,35.7189486481,-2.14377370711,0.521666666667
1,30,validation,weekday,Sunday,3600,True,44.1336408261,46.0807670048,-1.9471261787,31.3626672347,32.0697253221,-0.707058087373,0.493055555556
1,30,validation,weekday,Thursday,4575,True,62.4582853201,64.6111050625,-2.1528197424,43.786231726,45.0697086967,-1.28347697074,0.509071038251
1,30,validation,weekday,Tuesday,3600,True,62.1736523781,64.8406166192,-2.6669642411,43.2575918944,44.7275731623,-1.4699812679,0.501388888889
1,30,validation,weekday,Wednesday,3600,True,60.799379365,69.6093337742,-8.8099544092,40.42657436,44.7857701931,-4.35919583311,0.512222222222
1,30,validation,weekday_type,weekday,19300,True,61.6384395122,64.9671964684,-3.3287569562,42.4496596551,44.0999452288,-1.65028557368,0.505803108808
1,30,validation,weekday_type,weekend,7200,True,47.3444157415,50.0312027876,-2.6867870461,32.4689210879,33.8943369851,-1.42541589724,0.507361111111
1,30,validation,peak_status,evening_peak,3300,True,79.4604211153,85.6416195888,-6.1811984735,61.3132651506,66.1280390031,-4.8147738525,0.546363636364
1,30,validation,peak_status,morning_peak,3300,True,91.7777487919,98.4185615865,-6.6408127946,68.8228711678,74.528922302,-5.70605113415,0.552424242424
1,30,validation,peak_status,off_peak,19900,True,45.2978506291,46.6540668254,-1.3562161963,31.3369554435,31.7085526081,-0.371597164635,0.491909547739
1,30,validation,weather_condition,Clear,19716,True,56.6582761803,59.4920939128,-2.8338177325,38.8384723255,40.2536652641,-1.41519293857,0.505224183404
1,30,validation,weather_condition,Cloudy,5008,True,61.6717880068,64.6739680284,-3.0021800216,42.2933912031,44.0536017931,-1.76021058995,0.509384984026
1,30,validation,weather_condition,Fog,176,True,82.4053482291,99.6321373044,-17.2267890753,44.4296948807,54.3382892233,-9.90859434253,0.579545454545
1,30,validation,weather_condition,Overcast,856,True,56.7653766792,61.3721876926,-4.6068110134,38.989733486,41.0995864935,-2.10985300748,0.509345794393
1,30,validation,weather_condition,Rain,744,True,65.3027321779,71.3103015379,-6.00756936,46.1225826583,48.6044114784,-2.48182882004,0.490591397849
1,30,validation,actual_congestion,Free-flow,16054,True,35.9529162991,38.1528637569,-2.1999474578,25.6564399288,25.9547875748,-0.298347646019,0.483866949047
1,30,validation,actual_congestion,Heavy,2525,True,80.5354522814,88.4999458936,-7.9644936122,63.2542343036,69.9402318799,-6.6859975763,0.588910891089
1,30,validation,actual_congestion,Moderate,6511,True,69.0939494437,74.8342662426,-5.7403167989,52.6856142651,56.7234689814,-4.03785471629,0.543541698664
1,30,validation,actual_congestion,Severe,1410,True,122.772939827,118.724700531,4.0482392963,98.1653903988,94.0173173385,4.14807306024,0.440425531915
2,60,test,overall,all,26500,True,60.8154341757,62.6832533222,-1.8678191465,41.108597521,41.7693825545,-0.660785033498,0.492226415094
2,60,test,road_id,NL-001,1060,True,57.8516999183,59.7108597139,-1.8591597956,40.0413239265,40.6414239059,-0.60009997938,0.503773584906
2,60,test,road_id,NL-002,1060,True,75.33009254,76.1195472028,-0.7894546628,52.0882960217,53.7046985445,-1.61640252288,0.495283018868
2,60,test,road_id,NL-003,1060,True,57.3073686764,60.2217210121,-2.9143523357,39.5136965698,41.5749796512,-2.06128308131,0.531132075472
2,60,test,road_id,NL-004,1060,True,73.8485577055,73.9306946587,-0.0821369532,52.152917384,51.6266390606,0.526278323431,0.472641509434
2,60,test,road_id,NL-005,1060,True,69.7229563427,69.9961795655,-0.2732232228,48.6599996207,47.5421421995,1.11785742121,0.460377358491
2,60,test,road_id,NL-006,1060,True,75.775794647,80.9332635836,-5.1574689366,53.527954294,55.8596842594,-2.3317299654,0.483018867925
2,60,test,road_id,NL-007,1060,True,59.3320023382,62.9379243864,-3.6059220482,39.6373434589,41.3344673745,-1.69712391561,0.500943396226
2,60,test,road_id,NL-008,1060,True,66.7588575109,68.5864496633,-1.8275921524,45.3668043544,46.2055777469,-0.838773392503,0.499056603774
2,60,test,road_id,NL-009,1060,True,52.1911584179,54.6468794602,-2.4557210423,36.5669395524,38.458357874,-1.89141832158,0.507547169811
2,60,test,road_id,NL-010,1060,True,63.003132689,63.252308635,-0.249175946,43.385939099,43.748941282,-0.363002183032,0.501886792453
2,60,test,road_id,NL-011,1060,True,49.6291270216,50.2102946461,-0.5811676245,33.4154779934,33.4741818012,-0.0587038077834,0.492452830189
2,60,test,road_id,NL-012,1060,True,40.0182326339,42.1939917392,-2.1757591053,28.8197271373,29.9093208967,-1.08959375943,0.488679245283
2,60,test,road_id,NL-013,1060,True,44.3443725528,45.2061398923,-0.8617673395,30.0874711459,30.4825114955,-0.395040349565,0.534905660377
2,60,test,road_id,NL-014,1060,True,72.0855857651,78.3469532385,-6.2613674734,47.4419304961,48.9437252537,-1.50179475753,0.496226415094
2,60,test,road_id,NL-015,1060,True,67.1420158984,70.0455935936,-2.9035776952,48.0371518166,48.9532898158,-0.916137999237,0.475471698113
2,60,test,road_id,NL-016,1060,True,69.3108285948,67.4600477315,1.8507808633,48.6950743206,47.0863431526,1.60873116802,0.492452830189
2,60,test,road_id,NL-017,1060,True,47.2947443435,48.2624150847,-0.9676707412,32.4764108855,32.8522751501,-0.375864264606,0.489622641509
2,60,test,road_id,NL-018,1060,True,45.2497933557,46.0722865455,-0.8224931898,31.0068504235,31.0090456536,-0.00219523002066,0.46320754717
2,60,test,road_id,NL-019,1060,True,81.9037801923,84.5494352106,-2.6456550183,55.5912274872,55.4112094927,0.180017994536,0.454716981132
2,60,test,road_id,NL-020,1060,True,45.748151636,48.2438306594,-2.4956790234,31.8989447405,31.9842632786,-0.0853185381285,0.459433962264
2,60,test,road_id,NL-021,1060,True,54.6006940842,56.0672902392,-1.466596155,38.3948467068,39.1603864904,-0.765539783563,0.491509433962
2,60,test,road_id,NL-022,1060,True,50.6762095778,53.6280488809,-2.9518393031,34.1975628994,35.0536815441,-0.856118644647,0.470754716981
2,60,test,road_id,NL-023,1060,True,66.7150472944,70.6160155457,-3.9009682513,45.0055606706,47.4347045944,-2.42914392373,0.514150943396
2,60,test,road_id,NL-024,1060,True,57.1958810417,57.628915034,-0.4330339923,37.5877309335,38.1034595029,-0.515728569455,0.528301886792
2,60,test,road_id,NL-025,1060,True,50.3367634746,49.7996012994,0.5371621752,34.117756086,33.6792538412,0.438502244738,0.498113207547
2,60,test,origin_hour,0,1100,True,24.748357189,22.348664006,2.399693183,18.3092163099,16.3160397827,1.99317652721,0.438181818182
2,60,test,origin_hour,1,1100,True,22.1098073753,20.6655031337,1.4443042416,16.6155881236,15.6088622185,1.0067259051,0.442727272727
2,60,test,origin_hour,2,1100,True,21.5026817832,20.7855244725,0.7171573107,16.2161956258,15.3611940631,0.855001562691,0.466363636364
2,60,test,origin_hour,3,1100,True,23.6049536386,22.6129200446,0.992033594,17.6027138786,16.7144805303,0.888233348263,0.464545454545
2,60,test,origin_hour,4,1100,True,29.1793262747,29.4214754939,-0.2421492192,22.000171132,21.179364548,0.82080658405,0.45
2,60,test,origin_hour,5,1100,True,48.5761549422,48.4059103322,0.17024461,36.4464445201,35.817659032,0.628785488148,0.469090909091
2,60,test,origin_hour,6,1100,True,75.5904235716,80.8994082002,-5.3089846286,57.0258647865,60.5661161738,-3.54025138731,0.522727272727
2,60,test,origin_hour,7,1100,True,100.939687581,106.143549377,-5.2038617961,77.2246012799,81.2836517864,-4.05905050644,0.53
2,60,test,origin_hour,8,1100,True,105.667492049,104.666554192,1.0009378568,77.7924498545,77.0687074559,0.723742398522,0.465454545455
2,60,test,origin_hour,9,1100,True,72.625767477,77.5535808668,-4.9278133898,55.0628858018,58.061139014,-2.99825321213,0.516363636364
2,60,test,origin_hour,10,1100,True,54.1131994897,57.9978410583,-3.8846415686,40.3083923058,43.8992079849,-3.59081567911,0.566363636364
2,60,test,origin_hour,11,1100,True,48.8960951891,50.595349203,-1.6992540139,37.7039883829,38.6431435187,-0.939155135801,0.514545454545
2,60,test,origin_hour,12,1100,True,49.0597953425,48.461933345,0.5978619975,37.648578549,37.7779423285,-0.129363779417,0.491818181818
2,60,test,origin_hour,13,1100,True,49.6688781577,51.6324615314,-1.9635833737,36.2919301558,37.8357070463,-1.54377689049,0.528181818182
2,60,test,origin_hour,14,1100,True,57.9802122869,60.9430017105,-2.9627894236,43.9152183171,46.6121315741,-2.69691325701,0.551818181818
2,60,test,origin_hour,15,1100,True,81.8789786147,84.632059323,-2.7530807083,61.3006677204,62.770256237,-1.46958851658,0.511818181818
2,60,test,origin_hour,16,1100,True,96.8355161695,100.254905544,-3.4193893742,73.7469254289,74.8957856556,-1.14886022672,0.495454545455
2,60,test,origin_hour,17,1100,True,91.921544402,94.0886556244,-2.1671112224,71.7145933222,72.5426780565,-0.828084734359,0.513636363636
2,60,test,origin_hour,18,1100,True,82.6000944421,87.0714344636,-4.4713400215,61.4618349089,64.5287157559,-3.06688084695,0.526363636364
2,60,test,origin_hour,19,1100,True,51.1727721988,55.9875497082,-4.8147775094,38.7233523163,42.6442096648,-3.92085734853,0.569090909091
2,60,test,origin_hour,20,1150,True,34.5450963167,36.2301354184,-1.6850391017,25.6765636485,27.1806002495,-1.50403660096,0.514782608696
2,60,test,origin_hour,21,1150,True,25.8102343938,25.2675956129,0.5426387809,19.6189501239,18.8090710058,0.809879118091,0.46347826087
2,60,test,origin_hour,22,1100,True,21.8969385112,20.905890654,0.9910478572,16.7357254153,15.7485047023,0.987220712995,0.452727272727
2,60,test,origin_hour,23,1100,True,38.4106344223,29.7820045819,8.6286298404,29.1417468353,22.3067899164,6.83495691897,0.348181818182
2,60,test,weekday,Friday,3800,True,62.0599865438,62.4005783675,-0.3405918237,42.9109139259,42.7431838964,0.16773002949,0.483684210526
2,60,test,weekday,Monday,3600,True,73.144870986,75.0116666751,-1.8667956891,48.3407094974,48.5773415751,-0.236632077703,0.482222222222
2,60,test,weekday,Saturday,4700,True,51.0424535344,53.9366269728,-2.8941734384,34.2933178534,35.9364530667,-1.64313521332,0.515957446809
2,60,test,weekday,Sunday,3600,True,45.553612034,46.3130504047,-0.7594383707,31.4262885752,31.3619506554,0.0643379197804,0.4725
2,60,test,weekday,Thursday,3600,True,70.4011444541,75.4062635768,-5.0051191227,48.5601649695,50.6832511255,-2.12308615599,0.495
2,60,test,weekday,Tuesday,3600,True,60.0077713438,61.1051099897,-1.0973386459,41.4323430673,41.8396493921,-0.407306324827,0.4925
2,60,test,weekday,Wednesday,3600,True,61.4477068393,61.8335856921,-0.3858788528,42.7787626341,42.9720321057,-0.193269471588,0.496944444444
2,60,test,weekday_type,weekday,18200,True,65.5891169005,67.4206312881,-1.8315143876,44.7837693145,45.3343014242,-0.550532109688,0.49
2,60,test,weekday_type,weekend,8300,True,48.7377223895,50.7707887546,-2.0330663651,33.0497870821,33.9523315389,-0.902544456793,0.497108433735
2,60,test,peak_status,evening_peak,3300,True,77.224776986,80.764504454,-3.539727468,57.2999268491,59.9052011591,-2.60527430995,0.536363636364
2,60,test,peak_status,morning_peak,3300,True,94.2141912639,97.0156319812,-2.8014407173,70.0266456454,72.1378327521,-2.11118710668,0.503939393939
2,60,test,peak_status,off_peak,19900,True,49.6413100723,50.8906829461,-1.2493728738,33.6281479937,33.7259610948,-0.0978131011465,0.482964824121
2,60,test,weather_condition,Clear,19908,True,60.6571043974,62.2430755507,-1.5859711533,40.6585321677,41.0354625323,-0.376930364592,0.485633916014
2,60,test,weather_condition,Cloudy,4312,True,60.2649742887,62.1271382629,-1.8621639742,41.2365035323,42.2928788914,-1.05637535906,0.506029684601
2,60,test,weather_condition,Fog,166,True,86.0510295666,99.284300188,-13.2332706214,63.3629224635,69.5467076577,-6.18378519421,0.530120481928
2,60,test,weather_condition,Overcast,946,True,58.7987261195,59.8632248693,-1.0644987498,40.7968392979,41.9994969665,-1.20265766859,0.506342494715
2,60,test,weather_condition,Rain,1168,True,62.7775227602,67.5283243791,-4.7508016189,45.3971897045,48.211882037,-2.81469233255,0.536815068493
2,60,test,actual_congestion,Free-flow,16098,True,38.9568638591,39.9316973014,-0.9748334423,26.3566904968,26.5859332218,-0.229242724946,0.487948813517
2,60,test,actual_congestion,Heavy,2536,True,82.6463540159,89.7253148765,-7.0789608606,64.8189536323,69.4333933772,-4.61443974489,0.542192429022
2,60,test,actual_congestion,Moderate,6331,True,70.9258742343,74.4757725684,-3.5498983341,53.9744029723,55.9172823003,-1.94287932801,0.511135681567
2,60,test,actual_congestion,Severe,1535,True,126.1038965,122.20142512,3.9024713799,103.579816977,96.9465047832,6.63331219358,0.37654723127
2,60,validation,overall,all,26500,True,58.8065503963,61.2647868661,-2.4582364698,40.1469363446,41.2817598517,-1.13482350702,0.494150943396
2,60,validation,road_id,NL-001,1060,True,59.7350127183,62.4582368152,-2.7232240969,39.9112084834,40.5963141462,-0.685105662808,0.464150943396
2,60,validation,road_id,NL-002,1060,True,72.9164509738,73.4140921504,-0.4976411766,51.6560619382,51.1321916569,0.523870281314,0.466981132075
2,60,validation,road_id,NL-003,1060,True,55.7710008967,57.788944406,-2.0179435093,38.4298121189,39.9787754116,-1.54896329273,0.508490566038
2,60,validation,road_id,NL-004,1060,True,70.9129177723,75.0491762198,-4.1362584475,49.8751334665,52.8222307703,-2.94709730377,0.495283018868
2,60,validation,road_id,NL-005,1060,True,69.0078885409,70.6772117518,-1.6693232109,48.3299320277,49.9511474538,-1.62121542615,0.512264150943
2,60,validation,road_id,NL-006,1060,True,76.3120944702,80.7997623134,-4.4876678432,53.1554199336,56.5017754653,-3.34635553172,0.498113207547
2,60,validation,road_id,NL-007,1060,True,56.39290673,62.1160909499,-5.7231842199,38.2095204198,40.8123155913,-2.60279517148,0.512264150943
2,60,validation,road_id,NL-008,1060,True,63.2958382457,64.3542787899,-1.0584405442,43.4768477739,44.5498871421,-1.07303936819,0.502830188679
2,60,validation,road_id,NL-009,1060,True,48.9872623498,52.7721411143,-3.7848787645,34.6276780794,37.0414083517,-2.41373027228,0.511320754717
2,60,validation,road_id,NL-010,1060,True,62.8824568432,65.2797805175,-2.3973236743,42.4314785449,44.02331938,-1.59184083512,0.508490566038
2,60,validation,road_id,NL-011,1060,True,50.241352774,51.0334944729,-0.7921416989,34.8019065683,34.7636022579,0.0383043103296,0.483962264151
2,60,validation,road_id,NL-012,1060,True,39.0791408737,41.2970438827,-2.217903009,27.6429607435,28.4545597151,-0.811598971568,0.51320754717
2,60,validation,road_id,NL-013,1060,True,43.0017421159,44.394393207,-1.3926510911,30.4991953437,31.2665142492,-0.767318905546,0.516981132075
2,60,validation,road_id,NL-014,1060,True,64.9359791482,66.0643719769,-1.1283928287,44.3955985711,45.1267380329,-0.731139461789,0.480188679245
2,60,validation,road_id,NL-015,1060,True,64.4562507015,66.3009770077,-1.8447263062,46.8927587427,47.2874830196,-0.394724276934,0.466037735849
2,60,validation,road_id,NL-016,1060,True,65.2523993779,67.2683272271,-2.0159278492,45.138301973,46.5075999812,-1.36929800821,0.525471698113
2,60,validation,road_id,NL-017,1060,True,47.6774305515,50.1031974339,-2.4257668824,33.6723999456,34.634519525,-0.962119579417,0.479245283019
2,60,validation,road_id,NL-018,1060,True,42.3268904314,44.2037993755,-1.8769089441,29.7678346873,30.0487019966,-0.280867309316,0.487735849057
2,60,validation,road_id,NL-019,1060,True,79.6407376054,84.3279534576,-4.6872158522,54.9170173424,56.1208668663,-1.20384952388,0.487735849057
2,60,validation,road_id,NL-020,1060,True,43.172375644,45.2471875645,-2.0748119205,30.6487959077,30.8243126277,-0.175516720047,0.462264150943
2,60,validation,road_id,NL-021,1060,True,52.5153554141,53.6231236548,-1.1077682407,36.5750474717,37.2175710727,-0.642523601063,0.48679245283
2,60,validation,road_id,NL-022,1060,True,51.0030385895,56.0936368869,-5.0905982974,34.971762182,35.5606177085,-0.588855526509,0.464150943396
2,60,validation,road_id,NL-023,1060,True,62.8415887841,64.762492711,-1.9209039269,44.1898905887,45.1201249115,-0.930234322812,0.498113207547
2,60,validation,road_id,NL-024,1060,True,51.712214342,53.6684918536,-1.9562775116,35.0220091976,36.418737001,-1.39672780337,0.528301886792
2,60,validation,road_id,NL-025,1060,True,50.2169946545,52.1184799728,-1.9014853183,34.4348365644,35.2826819569,-0.847845392474,0.493396226415
2,60,validation,origin_hour,0,1100,True,23.0605367996,19.900456941,3.1600798586,17.917068248,15.6757212232,2.24134702486,0.442727272727
2,60,validation,origin_hour,1,1100,True,21.9756577797,20.1260467385,1.8496110412,16.9547219787,15.2204684785,1.73425350022,0.428181818182
2,60,validation,origin_hour,2,1100,True,22.650381625,20.8876909571,1.7626906679,17.2781514885,15.5865692063,1.6915822822,0.42
2,60,validation,origin_hour,3,1100,True,23.7777998626,22.354005769,1.4237940936,17.9635084763,16.50804292,1.45546555632,0.439090909091
2,60,validation,origin_hour,4,1125,True,27.2737748996,27.3128525884,-0.0390776888,20.5037296381,20.2912722002,0.212457437985,0.486222222222
2,60,validation,origin_hour,5,1150,True,47.5684926479,46.3783874405,1.1901052074,35.2517258364,34.755522176,0.496203660351,0.473913043478
2,60,validation,origin_hour,6,1125,True,77.2294951418,80.3841021099,-3.1546069681,58.2196647362,61.6107049175,-3.39104018131,0.532444444444
2,60,validation,origin_hour,7,1100,True,99.9510697584,104.011437444,-4.0603676853,76.332639436,80.8821281914,-4.5494887554,0.538181818182
2,60,validation,origin_hour,8,1100,True,97.8350691574,102.024388464,-4.1893193064,72.6915805463,75.2588106668,-2.56723012055,0.513636363636
2,60,validation,origin_hour,9,1100,True,68.5742159764,78.9694157328,-10.3951997564,52.1241849855,58.6252138766,-6.50102889109,0.534545454545
2,60,validation,origin_hour,10,1100,True,53.2611394562,59.1064987823,-5.8453593261,40.3643756357,44.1510641052,-3.78668846953,0.563636363636
2,60,validation,origin_hour,11,1100,True,46.147807643,45.6831249047,0.4646827383,34.8097812475,34.5527068259,0.25707442162,0.494545454545
2,60,validation,origin_hour,12,1100,True,45.6778249956,45.5854503386,0.092374657,34.5168032959,34.9592035981,-0.442400302233,0.505454545455
2,60,validation,origin_hour,13,1100,True,49.4405278643,51.1990441489,-1.7585162846,36.9058456881,38.4580781844,-1.55223249633,0.541818181818
2,60,validation,origin_hour,14,1100,True,57.9194550365,60.1346988046,-2.2152437681,43.1171134999,44.9611290185,-1.84401551851,0.527272727273
2,60,validation,origin_hour,15,1100,True,78.6994541455,80.1304871312,-1.4310329857,59.4325209317,60.9981160168,-1.5655950851,0.514545454545
2,60,validation,origin_hour,16,1100,True,94.1090315827,95.5072176071,-1.3981860244,73.4072207044,74.2670446099,-0.859823905474,0.501818181818
2,60,validation,origin_hour,17,1100,True,93.021752722,96.0855131531,-3.0637604311,73.8310065786,76.6308625407,-2.79985596202,0.525454545455
2,60,validation,origin_hour,18,1100,True,72.727165948,78.4505028425,-5.7233368945,56.363682523,60.9983293143,-4.63464679131,0.554545454545
2,60,validation,origin_hour,19,1100,True,49.1441160126,58.7444261806,-9.600310168,37.3283917726,43.1756564169,-5.84726464433,0.55
2,60,validation,origin_hour,20,1100,True,34.5116191345,36.6185055244,-2.1068863899,26.3748601672,27.4945421601,-1.11968199294,0.498181818182
2,60,validation,origin_hour,21,1100,True,24.5652088168,25.7143515106,-1.1491426938,19.1054410817,18.9013143517,0.204126729951,0.466363636364
2,60,validation,origin_hour,22,1100,True,21.5840013143,20.6338137763,0.950187538,16.935387116,15.7816240278,1.15376308817,0.434545454545
2,60,validation,origin_hour,23,1100,True,34.7540520053,29.9522692053,4.8017828,26.0552689165,21.3297936388,4.72547527764,0.372727272727
2,60,validation,weekday,Friday,3925,True,59.0392925798,59.105187661,-0.0658950812,41.3129404516,40.8005669289,0.51237352271,0.47923566879
2,60,validation,weekday,Monday,3600,True,65.1402870344,67.1122614984,-1.971974464,44.1903759104,45.4597002741,-1.26932436363,0.498611111111
2,60,validation,weekday,Saturday,3600,True,50.8501491076,53.3622225145,-2.5120734069,33.4438898118,35.2350052799,-1.79111546806,0.518333333333
2,60,validation,weekday,Sunday,3600,True,44.5418206894,45.7390306116,-1.1972099222,31.9255202352,31.7008824984,0.224637736741,0.466666666667
2,60,validation,weekday,Thursday,4575,True,63.5222465111,64.1159763852,-0.5937298741,44.3938088453,44.6337551452,-0.239946299876,0.500327868852
2,60,validation,weekday,Tuesday,3600,True,62.4727645917,63.5066144801,-1.0338498884,43.6035484828,44.3200448828,-0.71649639999,0.498333333333
2,60,validation,weekday,Wednesday,3600,True,61.7432866923,71.5489679388,-9.8056812465,40.9030117801,45.9579729215,-5.05496114139,0.497222222222
2,60,validation,weekday_type,weekday,19300,True,62.4174536984,65.0555383861,-2.6380846877,42.9307739359,44.1967585527,-1.26598461675,0.494766839378
2,60,validation,weekday_type,weekend,7200,True,47.8001645112,49.6970105388,-1.8968460276,32.6847050235,33.4679438892,-0.783238865657,0.4925
2,60,validation,peak_status,evening_peak,3300,True,73.8408903995,79.2418551891,-5.4009647896,55.8410269581,60.2682827573,-4.42725579922,0.543333333333
2,60,validation,peak_status,morning_peak,3300,True,89.933939088,95.6791924118,-5.7452533238,67.0494683226,71.5887175783,-4.53924925568,0.528787878788
2,60,validation,peak_status,off_peak,19900,True,48.5770517604,49.3846260348,-0.8075742744,33.0831748094,33.1074640684,-0.0242892590402,0.480251256281
2,60,validation,weather_condition,Clear,19716,True,57.2670064842,59.2213529631,-1.9543464789,39.2659813718,40.0278920817,-0.761910709905,0.488892270237
2,60,validation,weather_condition,Cloudy,5008,True,62.7725896289,65.4825845911,-2.7099949622,42.8206196292,44.1406559084,-1.32003627919,0.494009584665
2,60,validation,weather_condition,Fog,176,True,80.4047185205,99.0329272136,-18.6282086931,46.7531947024,66.7291745596,-19.9759798572,0.670454545455
2,60,validation,weather_condition,Overcast,856,True,55.3604596744,58.9179481225,-3.5574884481,37.9076156496,39.2610931874,-1.35347753787,0.514018691589
2,60,validation,weather_condition,Rain,744,True,68.4796882817,74.6438784272,-6.1641901455,46.5088441386,51.5705383134,-5.06169417486,0.569892473118
2,60,validation,actual_congestion,Free-flow,16029,True,36.0057136549,39.210622312,-3.2049086571,25.7112442849,26.4160287751,-0.70478449026,0.478632478632
2,60,validation,actual_congestion,Heavy,2526,True,80.932599995,88.3767037338,-7.4441037388,63.5993158561,69.524024407,-5.92470855081,0.578780680918
2,60,validation,actual_congestion,Moderate,6535,True,69.0736442093,73.9513462998,-4.8777020905,52.5661372268,55.6909546801,-3.12481745328,0.534353481255
2,60,validation,actual_congestion,Severe,1410,True,128.099292784,117.154399802,10.9448929815,104.67851054,92.8978981179,11.7806124219,0.332624113475
3,90,test,overall,all,26500,True,61.2014480977,65.0565453333,-3.8550972356,41.6956081508,43.7584767295,-2.06286857863,0.514679245283
3,90,test,road_id,NL-001,1060,True,58.6961583573,61.9481440323,-3.251985675,40.6538546978,42.3336885961,-1.67983389834,0.511320754717
3,90,test,road_id,NL-002,1060,True,76.0050192734,78.7465616032,-2.7415423298,52.9687540116,54.4794933922,-1.51073938063,0.494339622642
3,90,test,road_id,NL-003,1060,True,57.3871647659,61.7873233162,-4.4001585503,39.7714442091,42.887712106,-3.11626789683,0.566037735849
3,90,test,road_id,NL-004,1060,True,73.0428169579,74.4543049503,-1.4114879924,51.7984119062,52.6089437547,-0.810531848503,0.518867924528
3,90,test,road_id,NL-005,1060,True,69.6918077538,68.1611564614,1.5306512924,49.0287499817,47.0128458246,2.01590415709,0.454716981132
3,90,test,road_id,NL-006,1060,True,77.0225592547,85.0765369539,-8.0539776992,55.1093104236,59.9059166506,-4.79660622697,0.551886792453
3,90,test,road_id,NL-007,1060,True,59.4733457418,64.7328167896,-5.2594710478,40.4428798259,42.8207371602,-2.37785733424,0.522641509434
3,90,test,road_id,NL-008,1060,True,67.1455643378,74.5181124147,-7.3725480769,45.7475714767,51.5206415709,-5.77307009421,0.559433962264
3,90,test,road_id,NL-009,1060,True,51.7573200323,55.3031902411,-3.5458702088,36.3893513755,39.269606626,-2.8802552505,0.538679245283
3,90,test,road_id,NL-010,1060,True,63.8047309329,67.0584396735,-3.2537087406,44.1431174227,47.3554100472,-3.21229262454,0.541509433962
3,90,test,road_id,NL-011,1060,True,49.2102401796,50.5464320991,-1.3361919195,33.7750886941,34.4844914238,-0.709402729697,0.484905660377
3,90,test,road_id,NL-012,1060,True,40.4549472999,44.1290687147,-3.6741214148,29.3214083005,31.0575801611,-1.73617186059,0.502830188679
3,90,test,road_id,NL-013,1060,True,44.3141599709,45.7821307381,-1.4679707672,30.3569945118,30.8121851055,-0.45519059366,0.499056603774
3,90,test,road_id,NL-014,1060,True,72.4792359761,81.2446756579,-8.7654396818,47.2848843529,53.4903229365,-6.20543858363,0.546226415094
3,90,test,road_id,NL-015,1060,True,68.3943998603,77.4681643083,-9.073764448,48.8289642319,52.8400520179,-4.01108778597,0.519811320755
3,90,test,road_id,NL-016,1060,True,69.1137093835,69.877568268,-0.7638588845,48.7918725793,48.5102641097,0.28160846961,0.516037735849
3,90,test,road_id,NL-017,1060,True,47.9190254367,51.2712481597,-3.352222723,33.4638139461,35.549923285,-2.08610933886,0.504716981132
3,90,test,road_id,NL-018,1060,True,46.6158436159,47.7134462775,-1.0976026616,32.3763843875,32.8459615565,-0.469577168991,0.47358490566
3,90,test,road_id,NL-019,1060,True,82.1803058387,91.3140724927,-9.133766654,55.7619556242,61.9252632759,-6.16330765167,0.575471698113
3,90,test,road_id,NL-020,1060,True,46.467620961,50.3521311801,-3.8845102191,33.1029679115,34.7277418322,-1.62477392068,0.497169811321
3,90,test,road_id,NL-021,1060,True,55.7853721151,57.0329477112,-1.2475755961,39.4666933475,39.6796850439,-0.212991696378,0.488679245283
3,90,test,road_id,NL-022,1060,True,51.312154612,53.4935694767,-2.1814148647,35.3262959202,35.8952905837,-0.568994663459,0.490566037736
3,90,test,road_id,NL-023,1060,True,66.5636372592,70.9245628928,-4.3609256336,45.3501293053,47.8177834768,-2.4676541715,0.517924528302
3,90,test,road_id,NL-024,1060,True,57.8222760087,58.6172589927,-0.794982984,38.2255997311,38.4284568623,-0.202857131203,0.489622641509
3,90,test,road_id,NL-025,1060,True,50.7353217174,52.7627024534,-2.027380736,34.9037055961,35.7019208375,-0.798215241404,0.500943396226
3,90,test,origin_hour,0,1100,True,26.0416245222,22.7963094087,3.2453151135,19.916713412,17.4422161134,2.47449729861,0.430909090909
3,90,test,origin_hour,1,1100,True,23.4430512738,21.6195645428,1.823486731,17.9315989026,16.4168785813,1.51472032131,0.447272727273
3,90,test,origin_hour,2,1100,True,23.7403460267,23.4716364543,0.2687095724,18.3255373204,17.3474303475,0.978106972891,0.449090909091
3,90,test,origin_hour,3,1100,True,26.0437849848,27.2141796419,-1.1703946571,20.0356525677,19.8699510216,0.165701546073,0.475454545455
3,90,test,origin_hour,4,1100,True,38.741185488,38.3829208029,0.3582646851,28.4379629409,27.6702321455,0.767730795352,0.45
3,90,test,origin_hour,5,1100,True,61.0825620415,60.4474130252,0.6351490163,45.4679723415,45.1217707144,0.346201627115,0.476363636364
3,90,test,origin_hour,6,1100,True,91.9997769978,97.7272018826,-5.7274248848,69.7750635398,74.0234413658,-4.248377826,0.543636363636
3,90,test,origin_hour,7,1100,True,102.199345759,108.117312752,-5.9179669929,77.8305403957,82.5960834709,-4.76554307521,0.541818181818
3,90,test,origin_hour,8,1100,True,94.6608234891,98.2328838211,-3.572060332,68.6774650662,72.7677218014,-4.09025673516,0.552727272727
3,90,test,origin_hour,9,1100,True,61.3972000589,67.0616521221,-5.6644520632,47.0399672188,51.7422399124,-4.70227269355,0.542727272727
3,90,test,origin_hour,10,1100,True,50.1079031047,57.3281315422,-7.2202284375,37.4703577825,43.5930579512,-6.12270016879,0.584545454545
3,90,test,origin_hour,11,1100,True,48.1866456391,54.9146000726,-6.7279544335,37.3719295483,42.536216801,-5.16428725268,0.608181818182
3,90,test,origin_hour,12,1100,True,50.7600549055,55.2461322807,-4.4860773752,37.3508605514,41.5919266114,-4.24106605995,0.58
3,90,test,origin_hour,13,1100,True,53.8801053506,56.8890053136,-3.008899963,41.1575347445,42.5226947645,-1.36516002007,0.522727272727
3,90,test,origin_hour,14,1100,True,68.4400234714,69.1754007815,-0.7353773101,51.4669589465,51.9252236471,-0.458264700603,0.51
3,90,test,origin_hour,15,1100,True,94.4591704133,97.5507027568,-3.0915323435,69.7608782914,72.2857179981,-2.52483970674,0.528181818182
3,90,test,origin_hour,16,1100,True,94.2681383276,106.846066167,-12.5779278391,72.8295072844,81.618020536,-8.7885132516,0.58
3,90,test,origin_hour,17,1100,True,89.8282182648,103.040966348,-13.2127480836,69.1932018171,79.4290405032,-10.235838686,0.571818181818
3,90,test,origin_hour,18,1100,True,66.9923651466,69.4566174872,-2.4642523406,50.3057628454,51.4960221404,-1.19025929499,0.517272727273
3,90,test,origin_hour,19,1100,True,41.6370400869,44.7605205298,-3.1234804429,30.423608621,33.8573984625,-3.43378984153,0.587272727273
3,90,test,origin_hour,20,1150,True,29.0992525044,29.7383833834,-0.639130879,22.2889119094,22.8567028228,-0.567790913356,0.500869565217
3,90,test,origin_hour,21,1150,True,23.3632152732,23.4028692295,-0.0396539563,18.2030800824,17.545026875,0.658053207459,0.468695652174
3,90,test,origin_hour,22,1100,True,30.9692107682,28.2482477656,2.7209630026,23.1116082248,21.1205235099,1.99108471497,0.458181818182
3,90,test,origin_hour,23,1100,True,37.1968069501,33.4696787912,3.7271281589,28.2718860069,24.9695044903,3.30238151664,0.427272727273
3,90,test,weekday,Friday,3800,True,62.5739720882,66.0319133917,-3.4579413035,43.4045333901,45.1940145291,-1.78948113897,0.510263157895
3,90,test,weekday,Monday,3600,True,73.0383264757,75.4342908179,-2.3959643422,47.9456626078,49.6287552202,-1.6830926124,0.522777777778
3,90,test,weekday,Saturday,4700,True,51.9988700201,55.1429267583,-3.1440567382,35.2677405911,37.4562066655,-2.18846607438,0.524042553191
3,90,test,weekday,Sunday,3600,True,46.6770371009,47.7073619695,-1.0303248686,33.4318636729,32.8607685808,0.571095092185,0.4575
3,90,test,weekday,Thursday,3600,True,70.4453937588,76.8988330041,-6.4534392453,48.7470208917,52.4262167328,-3.67919584114,0.527222222222
3,90,test,weekday,Tuesday,3600,True,59.8558598018,65.1699654272,-5.3141056254,41.5039519744,44.3592909185,-2.85533894409,0.527777777778
3,90,test,weekday,Wednesday,3600,True,62.0498646378,66.7506061726,-4.7007415348,43.4376142801,46.2300259902,-2.79241171011,0.530555555556
3,90,test,weekday_type,weekday,18200,True,65.7614422335,70.1929529304,-4.4315106969,44.990138791,47.5415766545,-2.55143786352,0.523571428571
3,90,test,weekday_type,weekend,8300,True,49.7605501617,52.0484733938,-2.2879232321,34.4714566266,35.4630046046,-0.991547978036,0.495180722892
3,90,test,peak_status,evening_peak,3300,True,69.0186662958,76.2565115403,-7.2378452445,49.9741910945,54.9274870354,-4.95329594085,0.558787878788
3,90,test,peak_status,morning_peak,3300,True,87.891967688,92.8014331172,-4.9094654292,64.5159908936,69.0353483949,-4.51935750131,0.545757575758
3,90,test,peak_status,off_peak,19900,True,54.0084499144,56.9526605494,-2.944210635,36.538493238,37.7146872568,-1.17619401882,0.502211055276
3,90,test,weather_condition,Clear,19908,True,60.7305021755,64.4897147997,-3.7592126242,41.106258554,42.9576757273,-1.85141717338,0.510849909584
3,90,test,weather_condition,Cloudy,4312,True,60.3430949166,63.9223431523,-3.5792482357,41.6074617287,44.052033234,-2.44457150527,0.520176252319
3,90,test,weather_condition,Fog,166,True,90.5763625497,102.231559461,-11.6551969116,66.4898226647,74.8409968588,-8.35117419411,0.584337349398
3,90,test,weather_condition,Overcast,946,True,59.7839672351,64.2755261689,-4.4915589338,42.1682699324,44.2600001721,-2.09173023972,0.522198731501
3,90,test,weather_condition,Rain,1168,True,67.9321369485,72.2631730491,-4.3310361006,48.1595477845,51.5002500039,-3.34070221938,0.543664383562
3,90,test,actual_congestion,Free-flow,16098,True,40.4586677429,41.2661513845,-0.8074836416,27.5386110065,27.9752282127,-0.436617206197,0.495216797118
3,90,test,actual_congestion,Heavy,2536,True,83.8321405494,88.232322451,-4.4001819016,65.9566629471,68.3998909972,-2.44322805015,0.531940063091
3,90,test,actual_congestion,Moderate,6331,True,72.014656551,77.490285338,-5.475628787,54.4592896079,58.7130578013,-4.25376819331,0.542094455852
3,90,test,actual_congestion,Severe,1535,True,120.401449345,132.590144164,-12.1886948191,97.4392158131,106.892454107,-9.45323829405,0.577198697068
3,90,validation,overall,all,26500,True,59.0321533051,66.0513652162,-7.0192119111,40.5291193961,44.5344797031,-4.00536030701,0.524830188679
3,90,validation,road_id,NL-001,1060,True,59.5466248701,65.8928018887,-6.3461770186,39.9249947974,43.5916689256,-3.66667412819,0.535849056604
3,90,validation,road_id,NL-002,1060,True,72.9064204226,81.2117543581,-8.3053339355,52.0298996946,55.752604425,-3.72270473043,0.52358490566
3,90,validation,road_id,NL-003,1060,True,55.6907550658,60.8236706526,-5.1329155868,38.2916569836,42.8391012941,-4.5474443105,0.571698113208
3,90,validation,road_id,NL-004,1060,True,71.4798868732,78.4708044321,-6.9909175589,50.7377136086,55.1161404964,-4.37842688776,0.510377358491
3,90,validation,road_id,NL-005,1060,True,68.3744005214,74.0205585001,-5.6461579787,48.5220457381,50.2679582054,-1.7459124673,0.479245283019
3,90,validation,road_id,NL-006,1060,True,76.4758472932,88.3331745248,-11.8573272316,53.2191724715,62.8991851624,-9.6800126909,0.608490566038
3,90,validation,road_id,NL-007,1060,True,56.8901985532,66.4358111811,-9.5456126279,38.9006661928,43.0157521407,-4.11508594794,0.501886792453
3,90,validation,road_id,NL-008,1060,True,63.4444858693,70.6540224199,-7.2095365506,43.9318262852,49.4994684254,-5.56764214028,0.556603773585
3,90,validation,road_id,NL-009,1060,True,49.4308474442,55.7423246786,-6.3114772344,35.0694353453,38.7545646622,-3.68512931692,0.537735849057
3,90,validation,road_id,NL-010,1060,True,63.235904551,73.187452268,-9.951547717,43.0848547936,50.2177332357,-7.13287844212,0.57641509434
3,90,validation,road_id,NL-011,1060,True,49.6674224297,54.1687371253,-4.5013146956,34.9992626214,36.8678392642,-1.86857664284,0.497169811321
3,90,validation,road_id,NL-012,1060,True,39.9700350969,48.5618001748,-8.5917650779,28.1129715567,32.9357314152,-4.82275985846,0.543396226415
3,90,validation,road_id,NL-013,1060,True,43.3344196022,47.8620466371,-4.5276270349,30.842784002,33.4014611269,-2.55867712483,0.509433962264
3,90,validation,road_id,NL-014,1060,True,65.1394484383,73.7910171084,-8.6515686701,44.7165933205,50.0277920948,-5.31119877427,0.537735849057
3,90,validation,road_id,NL-015,1060,True,64.8981339509,75.5541741765,-10.6560402256,47.164560586,51.8221760531,-4.65761546715,0.491509433962
3,90,validation,road_id,NL-016,1060,True,66.2749921737,73.7835735608,-7.5085813871,45.9880913927,50.7496089712,-4.7615175785,0.543396226415
3,90,validation,road_id,NL-017,1060,True,48.1680499775,53.0828150806,-4.9147651031,34.2695458329,37.6436737544,-3.37412792151,0.529245283019
3,90,validation,road_id,NL-018,1060,True,43.093744255,45.2217694442,-2.1280251892,30.2503883561,31.0241591364,-0.773770780323,0.471698113208
3,90,validation,road_id,NL-019,1060,True,80.5884594342,90.3299083949,-9.7414489607,56.0760780328,62.7430656787,-6.66698764593,0.535849056604
3,90,validation,road_id,NL-020,1060,True,42.6725894416,49.3168635246,-6.644274083,31.0030372568,34.4738455056,-3.47080824878,0.495283018868
3,90,validation,road_id,NL-021,1060,True,52.8999691164,58.3034549379,-5.4034858215,36.8829186724,38.5016122561,-1.61869358379,0.511320754717
3,90,validation,road_id,NL-022,1060,True,51.0678753954,53.8057713633,-2.7378959679,35.1962898026,37.1976234226,-2.00133361993,0.497169811321
3,90,validation,road_id,NL-023,1060,True,62.7427227868,70.1406631193,-7.3979403325,44.1816297143,47.6606040624,-3.47897434814,0.515094339623
3,90,validation,road_id,NL-024,1060,True,51.7991247064,55.5382739919,-3.7391492855,35.4354590978,37.9235816201,-2.48812252226,0.51320754717
3,90,validation,road_id,NL-025,1060,True,50.1194974033,56.4820276751,-6.3625302718,34.3961087479,38.435041244,-4.03893249612,0.527358490566
3,90,validation,origin_hour,0,1100,True,24.1597196604,22.1453434961,2.0143761643,18.4685692308,17.2578192498,1.21074998099,0.485454545455
3,90,validation,origin_hour,1,1100,True,23.5740362907,22.1355698229,1.4384664678,18.055684631,16.6029179752,1.45276665582,0.458181818182
3,90,validation,origin_hour,2,1100,True,24.6328945891,23.2054785564,1.4274160327,18.964010246,17.2693240506,1.6946861954,0.45
3,90,validation,origin_hour,3,1100,True,24.8136285984,24.5674003444,0.246228254,19.3117818126,18.786310534,0.52547127853,0.483636363636
3,90,validation,origin_hour,4,1125,True,35.2087012455,34.9531674871,0.2555337584,26.1964271284,25.6416413839,0.554785744538,0.459555555556
3,90,validation,origin_hour,5,1150,True,61.1820014921,63.2167782309,-2.0347767388,46.1920085607,48.795307766,-2.60329920532,0.520869565217
3,90,validation,origin_hour,6,1125,True,93.3911594529,96.1647459713,-2.7735865184,70.8386487786,74.3000470667,-3.46139828803,0.520888888889
3,90,validation,origin_hour,7,1100,True,100.813266872,111.568833284,-10.7555664125,75.7775922358,84.8176158303,-9.04002359452,0.58
3,90,validation,origin_hour,8,1100,True,81.4162941439,103.829944944,-22.4136508002,61.9902720485,76.7741759373,-14.7839038888,0.583636363636
3,90,validation,origin_hour,9,1100,True,59.8355955103,70.2558283652,-10.4202328549,44.4751745423,51.9107498177,-7.43557527541,0.552727272727
3,90,validation,origin_hour,10,1100,True,49.5591733033,57.3188005165,-7.7596272132,38.1708172281,43.8508321829,-5.68001495474,0.551818181818
3,90,validation,origin_hour,11,1100,True,45.3955804673,51.8060485142,-6.4104680469,33.7126708493,39.407366356,-5.69469550671,0.592727272727
3,90,validation,origin_hour,12,1100,True,47.4932494753,51.8328208915,-4.3395714162,36.1209901988,39.183216199,-3.06222600022,0.544545454545
3,90,validation,origin_hour,13,1100,True,53.3867356993,56.9902155,-3.6034798007,40.1100485901,42.2854264174,-2.17537782733,0.515454545455
3,90,validation,origin_hour,14,1100,True,67.6531540162,67.5073546674,0.1457993488,50.1167025889,49.6659379483,0.450764640567,0.485454545455
3,90,validation,origin_hour,15,1100,True,89.5089549145,97.9168711083,-8.4079161938,67.908705518,77.4991510033,-9.59044548531,0.574545454545
3,90,validation,origin_hour,16,1100,True,94.4724399896,107.896113719,-13.4236737294,74.7223968352,84.7546133404,-10.0322165052,0.556363636364
3,90,validation,origin_hour,17,1100,True,85.6546382178,110.78965603,-25.1350178123,67.6128267269,85.6988961891,-18.0860694622,0.594545454545
3,90,validation,origin_hour,18,1100,True,60.1383366101,65.5705198992,-5.4321832891,44.9235955734,50.1386161686,-5.21502059523,0.568181818182
3,90,validation,origin_hour,19,1100,True,41.5665579933,46.8566155713,-5.290057578,32.1089547873,36.3277069,-4.2187521127,0.557272727273
3,90,validation,origin_hour,20,1100,True,28.9653481106,32.6262319991,-3.6608838885,21.9284769337,24.5364306359,-2.6079537022,0.549090909091
3,90,validation,origin_hour,21,1100,True,22.4923883732,25.1437600989,-2.6513717257,17.6137150049,19.1061919335,-1.49247692859,0.528181818182
3,90,validation,origin_hour,22,1100,True,28.2663256225,26.9270648314,1.3392607911,21.1761926839,20.0096716561,1.16652102781,0.463636363636
3,90,validation,origin_hour,23,1100,True,33.9841471381,32.4033706724,1.5807764657,25.5820887868,23.7667648524,1.81532393443,0.420909090909
3,90,validation,weekday,Friday,3925,True,59.0938645663,62.8690363916,-3.7751718253,41.6658704234,43.556441353,-1.89057092967,0.515923566879
3,90,validation,weekday,Monday,3600,True,65.1429189031,69.0488836972,-3.9059647941,44.3380738139,47.028083566,-2.69000975203,0.536388888889
3,90,validation,weekday,Saturday,3600,True,51.8263728387,54.23066068,-2.4042878413,34.1761859142,35.7148356004,-1.53864968624,0.51
3,90,validation,weekday,Sunday,3600,True,44.7469615306,47.7113663213,-2.9644047907,32.4704665157,33.6123209929,-1.14185447729,0.487222222222
3,90,validation,weekday,Thursday,4575,True,63.2472212091,67.5334605266,-4.2862393175,44.2745059447,46.8706488005,-2.59614285581,0.530928961749
3,90,validation,weekday,Tuesday,3600,True,62.6397074192,66.6237628438,-3.9840554246,43.9018778302,46.5276437669,-2.62576593671,0.527222222222
3,90,validation,weekday,Wednesday,3600,True,62.4933903266,87.0964964678,-24.6031061412,41.7598564507,57.8869665071,-16.1271100565,0.565277777778
3,90,validation,weekday_type,weekday,19300,True,62.5326121032,70.83196379,-8.2993516868,43.2172909456,48.216888518,-4.99959757238,0.534611398964
3,90,validation,weekday_type,weekend,7200,True,48.4162343013,51.0751359961,-2.6589016948,33.3233262149,34.6635782967,-1.34025208177,0.498611111111
3,90,validation,peak_status,evening_peak,3300,True,65.0156784216,79.0977947142,-14.0821162926,48.2151256959,57.3884064192,-9.17328072339,0.573333333333
3,90,validation,peak_status,morning_peak,3300,True,82.4059589665,96.8919388577,-14.4859798912,60.7476796089,71.1675138618,-10.4198342529,0.572121212121
3,90,validation,peak_status,off_peak,19900,True,53.0423150915,56.7046770414,-3.6623619499,35.9017289695,37.9863907139,-2.08466174442,0.508944723618
3,90,validation,weather_condition,Clear,19716,True,57.603659163,63.3978993805,-5.7942402175,39.8296829626,43.1883429741,-3.35866001149,0.521911138162
3,90,validation,weather_condition,Cloudy,5008,True,61.7295092852,73.7794937015,-12.0499844163,42.4383666152,48.8129876504,-6.37462103521,0.535942492013
3,90,validation,weather_condition,Fog,176,True,102.881914155,111.400244834,-8.5183306789,57.5648039771,76.0431204652,-18.4783164881,0.636363636364
3,90,validation,weather_condition,Overcast,856,True,51.6993204837,56.6772487779,-4.9779282942,35.7346565886,37.9970270966,-2.26237050799,0.492990654206
3,90,validation,weather_condition,Rain,744,True,70.4423302868,74.9088674324,-4.4665371456,47.6989558578,51.4756122396,-3.77665638184,0.537634408602
3,90,validation,actual_congestion,Free-flow,16004,True,36.8078468111,44.9933950458,-8.1855482347,26.4531589354,29.4617036018,-3.00854466645,0.508622844289
3,90,validation,actual_congestion,Heavy,2542,True,82.3552194441,83.5854266017,-1.2302071576,64.6647339404,65.5592359288,-0.89450198846,0.511801730921
3,90,validation,actual_congestion,Moderate,6541,True,70.4802299832,79.7188479253,-9.2386179421,53.1768065789,60.3090135424,-7.13220696347,0.561076288029
3,90,validation,actual_congestion,Severe,1413,True,121.711027455,130.01916373,-8.3081362754,97.9887210808,104.406066793,-6.41734571204,0.564048124558
4,120,test,overall,all,26500,True,61.8965757989,61.8495141862,0.0470616127,42.5216443478,41.4106073311,1.11103701671,0.46358490566
4,120,test,road_id,NL-001,1060,True,58.9423456441,59.029668382,-0.0873227379,41.0306464428,39.2471992812,1.78344716156,0.447169811321
4,120,test,road_id,NL-002,1060,True,75.8769678437,77.1672890762,-1.2903212325,53.9443222417,54.463763426,-0.51944118424,0.461320754717
4,120,test,road_id,NL-003,1060,True,57.932843158,59.7906501672,-1.8578070092,40.3382305709,40.9644556314,-0.626225060491,0.514150943396
4,120,test,road_id,NL-004,1060,True,73.316274174,72.1031380154,1.2131361586,52.2038404898,50.9494141759,1.25442631394,0.477358490566
4,120,test,road_id,NL-005,1060,True,70.4195154574,68.1823590472,2.2371564102,49.2287300308,46.4803097032,2.74842032761,0.448113207547
4,120,test,road_id,NL-006,1060,True,79.0225107706,80.0286476631,-1.0061368925,56.6397397335,55.5916023234,1.04813741014,0.466037735849
4,120,test,road_id,NL-007,1060,True,60.1372410569,60.5757649389,-0.438523882,41.5007881239,40.1144667226,1.38632140121,0.467924528302
4,120,test,road_id,NL-008,1060,True,67.8144270517,70.4421541394,-2.6277270877,46.6217406956,47.1360251196,-0.514284423951,0.482075471698
4,120,test,road_id,NL-009,1060,True,52.0447129038,53.6921066561,-1.6473937523,37.2881603328,37.7682990993,-0.480138766471,0.497169811321
4,120,test,road_id,NL-010,1060,True,64.1433081113,62.9074965564,1.2358115549,45.1856540706,43.5407235344,1.64493053622,0.472641509434
4,120,test,road_id,NL-011,1060,True,49.612758849,48.898634483,0.714124366,34.7092358039,33.1726838591,1.5365519448,0.445283018868
4,120,test,road_id,NL-012,1060,True,41.9592979514,40.2963559574,1.662941994,30.9131040592,28.3477982312,2.56530582803,0.433018867925
4,120,test,road_id,NL-013,1060,True,44.6726041707,45.1535541782,-0.4809500075,31.3983582888,30.4762565155,0.922101773263,0.46320754717
4,120,test,road_id,NL-014,1060,True,73.1275304856,72.2093110766,0.918219409,48.1365489592,47.8168269709,0.319721988272,0.485849056604
4,120,test,road_id,NL-015,1060,True,69.0821358915,69.285272632,-0.2031367405,49.6158750693,47.9089777589,1.70689731045,0.466037735849
4,120,test,road_id,NL-016,1060,True,69.2951721817,68.2892880996,1.0058840821,48.7858498074,47.3692263952,1.41662341226,0.496226415094
4,120,test,road_id,NL-017,1060,True,47.9239168422,50.0213879509,-2.0974711087,34.0303628314,34.8345604424,-0.804197611036,0.483962264151
4,120,test,road_id,NL-018,1060,True,47.3668606123,44.8129124004,2.5539482119,33.1153514303,30.0230568541,3.09229457619,0.406603773585
4,120,test,road_id,NL-019,1060,True,83.2320838438,82.9880601903,0.2440236535,56.3798384799,55.458398576,0.921439903906,0.494339622642
4,120,test,road_id,NL-020,1060,True,46.1545111057,49.2436032334,-3.0890921277,33.3671201971,32.189694702,1.17742549506,0.412264150943
4,120,test,road_id,NL-021,1060,True,57.3218510545,55.5129559814,1.8088950731,40.3846912161,38.2305735301,2.15411768598,0.434905660377
4,120,test,road_id,NL-022,1060,True,52.3150127031,50.796524626,1.5184880771,36.2204415597,34.0653208833,2.15512067642,0.427358490566
4,120,test,road_id,NL-023,1060,True,68.0830243728,67.8242520998,0.258772273,46.5511328674,45.487831427,1.06330144042,0.457547169811
4,120,test,road_id,NL-024,1060,True,59.4183422135,58.5606870743,0.8576551392,39.5330732913,38.5660278517,0.967045439609,0.47641509434
4,120,test,road_id,NL-025,1060,True,51.4665034519,51.481327391,-0.0148239391,35.9182721025,35.0616902638,0.856581838667,0.472641509434
4,120,test,origin_hour,0,1100,True,26.6479032635,21.1989672019,5.4489360616,20.3514736502,15.9309540165,4.42051963365,0.387272727273
4,120,test,origin_hour,1,1100,True,24.5364457743,20.9562753848,3.5801703895,19.1976346375,15.3739982712,3.82363636632,0.383636363636
4,120,test,origin_hour,2,1100,True,25.7811959218,22.5326073503,3.2485885715,20.1404248179,16.859215898,3.28120891986,0.407272727273
4,120,test,origin_hour,3,1100,True,31.0148851798,30.3391519485,0.6757332313,23.818383681,21.6912512516,2.12713242934,0.436363636364
4,120,test,origin_hour,4,1100,True,50.3335905588,47.9165741636,2.4170163952,38.026384836,36.0676517514,1.95873308456,0.464545454545
4,120,test,origin_hour,5,1100,True,78.2857630568,80.0598932868,-1.77413023,58.0466727855,60.213286112,-2.16661332651,0.513636363636
4,120,test,origin_hour,6,1100,True,100.085989211,101.337634879,-1.2516456682,77.0760695342,78.8227930017,-1.74672346755,0.518181818182
4,120,test,origin_hour,7,1100,True,105.96949906,108.098708657,-2.129209597,78.177950954,80.4724823012,-2.29453134721,0.518181818182
4,120,test,origin_hour,8,1100,True,74.3356818945,72.5141539512,1.8215279433,56.6579183951,54.5009435578,2.15697483732,0.460909090909
4,120,test,origin_hour,9,1100,True,55.9162140684,54.5492132814,1.367000787,42.2375244517,41.4065252857,0.830999166039,0.487272727273
4,120,test,origin_hour,10,1100,True,48.0643538286,48.5374713332,-0.4731175046,37.1467293544,37.1889478031,-0.0422184487479,0.49
4,120,test,origin_hour,11,1100,True,49.4832285069,48.1415196843,1.3417088226,38.9342268071,37.5974490506,1.33677775648,0.465454545455
4,120,test,origin_hour,12,1100,True,51.4016766027,50.9556702557,0.446006347,37.7902017024,37.7938401633,-0.00363846082945,0.494545454545
4,120,test,origin_hour,13,1100,True,59.6629437239,57.8627362673,1.8002074566,45.574172778,44.044033584,1.53013919402,0.472727272727
4,120,test,origin_hour,14,1100,True,81.5863757464,83.9805450158,-2.3941692694,60.5878039771,61.4395641159,-0.851760138816,0.511818181818
4,120,test,origin_hour,15,1100,True,97.8041149373,100.147711966,-2.3435970287,74.2618720284,75.7654913016,-1.50361927322,0.53
4,120,test,origin_hour,16,1100,True,93.9133404706,96.3778863329,-2.4645458623,72.6277505741,74.7112144781,-2.08346390394,0.523636363636
4,120,test,origin_hour,17,1100,True,82.7751997387,83.2359089533,-0.4607092146,62.4061480346,61.6012941306,0.804853904058,0.479090909091
4,120,test,origin_hour,18,1100,True,52.5361129917,54.761385694,-2.2252727023,39.0097154847,41.5196522943,-2.5099368096,0.539090909091
4,120,test,origin_hour,19,1100,True,33.492220817,35.3343750608,-1.8421542438,24.8155800387,26.0818913392,-1.26631130045,0.499090909091
4,120,test,origin_hour,20,1150,True,26.9316358753,25.6239439283,1.307691947,20.6114148857,19.2923511535,1.31906373221,0.434782608696
4,120,test,origin_hour,21,1150,True,23.2253416478,21.0648339976,2.1605076502,18.17108877,15.8490923709,2.3219963991,0.42347826087
4,120,test,origin_hour,22,1100,True,37.4459719574,27.3528848233,10.0930871341,28.8570737092,20.4126076757,8.44446603353,0.342727272727
4,120,test,origin_hour,23,1100,True,36.5586537394,29.7060408234,6.852612916,28.098011417,21.3853073636,6.7127040534,0.345454545455
4,120,test,weekday,Friday,3800,True,63.3855475541,63.0915742752,0.2939732789,44.2811180137,42.8523258539,1.42879215975,0.461842105263
4,120,test,weekday,Monday,3600,True,73.5131967264,72.1505984608,1.3625982656,47.9766235856,46.7621981127,1.21442547286,0.466388888889
4,120,test,weekday,Saturday,4700,True,52.9473486918,53.2029307323,-0.2555820405,36.5746767826,35.8173978343,0.757278948292,0.468723404255
4,120,test,weekday,Sunday,3600,True,48.0861420746,46.149100094,1.9370419806,35.3796450817,31.4776642085,3.90198087326,0.411111111111
4,120,test,weekday,Thursday,3600,True,70.4169281707,73.1925398696,-2.7756116989,48.9328202011,49.6679677154,-0.735147514276,0.491111111111
4,120,test,weekday,Tuesday,3600,True,60.6667257081,60.5575908451,0.109134863,42.1514528639,41.6575899363,0.49386292755,0.470277777778
4,120,test,weekday,Wednesday,3600,True,62.8121521292,62.4657409808,0.3464111484,44.0745543475,43.2680484183,0.806505929179,0.474166666667
4,120,test,weekday_type,weekday,18200,True,66.3101901457,66.465494688,-0.1553045423,45.4701028596,44.8197655661,0.650337293526,0.472637362637
4,120,test,weekday_type,weekend,8300,True,50.895924473,50.2651471184,0.6307773546,36.0563497798,33.9351037316,2.12124604828,0.443734939759
4,120,test,peak_status,evening_peak,3300,True,59.8150084714,61.0342635011,-1.2192550297,42.0771478527,43.067612588,-0.990464735332,0.505757575758
4,120,test,peak_status,morning_peak,3300,True,81.4083356289,81.4846611461,-0.0763255172,59.0244646003,58.7933170482,0.23114755205,0.488787878788
4,120,test,peak_status,off_peak,19900,True,58.3910869433,58.0970554991,0.2940314442,39.8587062373,38.2532676621,1.60543857526,0.452412060302
4,120,test,weather_condition,Clear,19908,True,61.1434022127,60.9813008809,0.1621013318,41.8153402563,40.5052640174,1.31007623898,0.459714687563
4,120,test,weather_condition,Cloudy,4312,True,61.7141945192,62.7569400914,-1.0427455722,42.7960124313,42.3764202823,0.419592148992,0.472402597403
4,120,test,weather_condition,Fog,166,True,99.6029550801,103.420938684,-3.8179836038,73.5346303432,79.1481850946,-5.61355475142,0.596385542169
4,120,test,weather_condition,Overcast,946,True,57.0495282082,57.2007575915,-0.1512293833,40.8460425695,40.8512845949,-0.00524202539555,0.476744186047
4,120,test,weather_condition,Rain,1168,True,71.3822487356,68.5375540958,2.8446946398,50.4968072629,48.3658048009,2.13100246195,0.467465753425
4,120,test,actual_congestion,Free-flow,16098,True,42.1093611433,39.4577956879,2.6515654554,28.9464468516,26.4230835579,2.52336329372,0.434091191452
4,120,test,actual_congestion,Heavy,2536,True,84.6248379218,88.6178905896,-3.9930526678,66.2197862887,69.1420133756,-2.92222708684,0.538643533123
4,120,test,actual_congestion,Moderate,6331,True,72.8030745798,73.8515872507,-1.0485126709,54.8663215267,55.3716499321,-0.505328405366,0.502290317485
4,120,test,actual_congestion,Severe,1535,True,117.698192628,119.345855614,-1.6476629869,94.8218984926,95.1923345401,-0.370436047473,0.489250814332
4,120,validation,overall,all,26500,True,59.5989174586,61.0160307056,-1.417113247,41.3047339461,41.585433326,-0.280699379849,0.474113207547
4,120,validation,road_id,NL-001,1060,True,59.3691440672,60.6790083837,-1.3098643165,40.6233849828,40.3103387936,0.31304618925,0.467924528302
4,120,validation,road_id,NL-002,1060,True,73.5238277862,73.5756853416,-0.0518575554,52.6220996175,51.8907742559,0.731325361617,0.466981132075
4,120,validation,road_id,NL-003,1060,True,56.4627294443,59.805597083,-3.3428676387,39.4293244279,42.2969567272,-2.86763229929,0.529245283019
4,120,validation,road_id,NL-004,1060,True,72.1548228642,72.4263356147,-0.2715127505,51.4323221146,51.2814222095,0.15089990511,0.478301886792
4,120,validation,road_id,NL-005,1060,True,68.3653402432,69.6978840463,-1.3325438031,49.1364466611,49.7233927103,-0.586946049252,0.5
4,120,validation,road_id,NL-006,1060,True,77.2931908244,80.3796101272,-3.0864193028,54.0939717281,56.3466671484,-2.25269542026,0.489622641509
4,120,validation,road_id,NL-007,1060,True,57.3054493256,59.8916703645,-2.5862210389,39.3203717798,40.1981006293,-0.877728849592,0.483018867925
4,120,validation,road_id,NL-008,1060,True,63.8747898417,65.0607446609,-1.1859548192,44.8826237416,45.2514119196,-0.368788178004,0.485849056604
4,120,validation,road_id,NL-009,1060,True,49.7335734615,51.6442362968,-1.9106628353,35.5430925401,37.2057647873,-1.66267224721,0.508490566038
4,120,validation,road_id,NL-010,1060,True,64.9946635689,65.1375299753,-0.1428664064,44.1624233474,43.787647653,0.374775694377,0.499056603774
4,120,validation,road_id,NL-011,1060,True,50.0505692168,52.1276858341,-2.0771166173,35.2899806484,35.3321385095,-0.0421578610375,0.464150943396
4,120,validation,road_id,NL-012,1060,True,40.7897902843,41.7052089549,-0.9154186706,28.9977548276,28.7529895036,0.244765323969,0.483018867925
4,120,validation,road_id,NL-013,1060,True,44.2933008213,45.0705619982,-0.7772611769,31.7386202099,32.3604791981,-0.621858988151,0.489622641509
4,120,validation,road_id,NL-014,1060,True,64.8866404053,67.2915996199,-2.4049592146,44.7781913303,44.8459601609,-0.0677688305693,0.458490566038
4,120,validation,road_id,NL-015,1060,True,65.6696221287,65.7992167209,-0.1295945922,47.7986106679,46.8514231468,0.947187521086,0.45
4,120,validation,road_id,NL-016,1060,True,66.7783655114,67.7621266984,-0.983761187,46.7098670368,47.4591195102,-0.749252473333,0.495283018868
4,120,validation,road_id,NL-017,1060,True,47.8017895344,51.1279715524,-3.326182018,34.7360118973,36.0406577574,-1.30464586007,0.468867924528
4,120,validation,road_id,NL-018,1060,True,44.1288231987,43.8290430426,0.2997801561,31.4944841178,30.5022579951,0.992226122695,0.443396226415
4,120,validation,road_id,NL-019,1060,True,81.1944279709,81.6180463871,-0.4236184162,57.030581415,56.2208438646,0.809737550347,0.452830188679
4,120,validation,road_id,NL-020,1060,True,42.6310999895,45.4910092212,-2.8599092317,31.4464085398,30.8291431564,0.617265383353,0.421698113208
4,120,validation,road_id,NL-021,1060,True,53.1682213179,54.1840286015,-1.0158072836,37.6237780628,37.4823616894,0.141416373404,0.458490566038
4,120,validation,road_id,NL-022,1060,True,52.5908013668,54.5871199463,-1.9963185795,36.52466384,36.0362496617,0.48841417834,0.43679245283
4,120,validation,road_id,NL-023,1060,True,64.3939461211,65.5282426381,-1.134296517,45.8199401984,45.2982843083,0.521655890107,0.455660377358
4,120,validation,road_id,NL-024,1060,True,52.5461270469,54.3661193551,-1.8199923082,36.4805981945,37.5810287574,-1.10043056295,0.493396226415
4,120,validation,road_id,NL-025,1060,True,50.1073442621,52.3356553241,-2.228311062,34.9027967253,35.7504190954,-0.847622370161,0.472641509434
4,120,validation,origin_hour,0,1100,True,25.3593231991,20.7282381222,4.6310850769,19.1785635637,15.4432449545,3.73531860919,0.392727272727
4,120,validation,origin_hour,1,1100,True,25.2944026352,20.9620753479,4.3323272873,19.576212636,15.5787541081,3.99745852791,0.385454545455
4,120,validation,origin_hour,2,1100,True,26.6198923933,22.9413815658,3.6785108275,20.5760324788,17.2594519472,3.31658053159,0.424545454545
4,120,validation,origin_hour,3,1100,True,30.4551936121,27.4169529103,3.0382407018,23.2886860411,20.4884743783,2.80021166282,0.43
4,120,validation,origin_hour,4,1125,True,50.6663976978,46.4526548531,4.2137428447,38.4129316083,34.6080457566,3.80488585177,0.433777777778
4,120,validation,origin_hour,5,1150,True,77.5904650815,78.4755873186,-0.8851222371,58.1188108983,59.7966164668,-1.67780556852,0.51652173913
4,120,validation,origin_hour,6,1125,True,97.574353258,101.607917769,-4.033564511,75.3232376336,78.4180020587,-3.09476442509,0.529777777778
4,120,validation,origin_hour,7,1100,True,96.1049869903,102.638016052,-6.5330290613,71.4945528029,77.8537590376,-6.35920623471,0.531818181818
4,120,validation,origin_hour,8,1100,True,69.3027070779,71.0120294903,-1.7093224124,52.7716248848,54.1128553771,-1.34123049229,0.482727272727
4,120,validation,origin_hour,9,1100,True,54.4893402861,58.3551768558,-3.8658365697,41.7263181353,43.9905540593,-2.26423592401,0.49
4,120,validation,origin_hour,10,1100,True,47.7903906731,52.2927410245,-4.5023503514,35.9944574747,38.2408249313,-2.24636745662,0.463636363636
4,120,validation,origin_hour,11,1100,True,45.2959594058,50.692044319,-5.3960849132,34.1529124196,37.4425023216,-3.28958990199,0.497272727273
4,120,validation,origin_hour,12,1100,True,50.6484074122,55.5424388767,-4.8940314645,37.5022093517,41.5697516657,-4.06754231397,0.542727272727
4,120,validation,origin_hour,13,1100,True,59.6101036323,59.8569644808,-0.2468608485,45.0986530681,45.6131787001,-0.514525631976,0.482727272727
4,120,validation,origin_hour,14,1100,True,76.9155348691,77.03557619,-0.1200413209,57.500549542,57.5770205822,-0.0764710402445,0.488181818182
4,120,validation,origin_hour,15,1100,True,94.0315035556,95.3523517003,-1.3208481447,72.8253175504,73.9472677842,-1.12195023378,0.506363636364
4,120,validation,origin_hour,16,1100,True,96.1083988352,97.3893719741,-1.2809731389,76.4556404833,78.0225163584,-1.56687587511,0.529090909091
4,120,validation,origin_hour,17,1100,True,73.3158802672,75.6622596567,-2.3463793895,56.672286878,59.0419914002,-2.36970452216,0.510909090909
4,120,validation,origin_hour,18,1100,True,49.9752434031,52.1338800533,-2.1586366502,38.0619393281,39.4008277279,-1.33888839979,0.510909090909
4,120,validation,origin_hour,19,1100,True,34.7744971719,36.4639369459,-1.689439774,26.5234604381,27.2363691652,-0.712908727112,0.502727272727
4,120,validation,origin_hour,20,1100,True,25.0627674471,26.6592265565,-1.5964591094,19.5194812675,20.3173147418,-0.797833474275,0.502727272727
4,120,validation,origin_hour,21,1100,True,22.6160800534,22.5594972985,0.0565827549,18.0893061924,17.0325404376,1.05676575477,0.443636363636
4,120,validation,origin_hour,22,1100,True,34.9331075529,31.0350511091,3.8980564438,26.0125314572,22.0166413925,3.99589006461,0.387272727273
4,120,validation,origin_hour,23,1100,True,33.121344415,30.2862241734,2.8351202416,24.9661973169,21.5355865736,3.4306107433,0.390909090909
4,120,validation,weekday,Friday,3925,True,59.6576821982,59.5452535241,0.1124286741,42.5930790519,41.5989657611,0.994113290841,0.467006369427
4,120,validation,weekday,Monday,3600,True,65.5923864963,65.9099512357,-0.3175647394,45.0882455467,44.5752420271,0.513003519544,0.457777777778
4,120,validation,weekday,Saturday,3600,True,52.9224422519,53.2945740615,-0.3721318096,35.3719130183,35.3150040248,0.0569089934803,0.4775
4,120,validation,weekday,Sunday,3600,True,44.9819662212,45.6139921763,-0.6320259551,32.9450189326,31.5831750259,1.36184390669,0.45
4,120,validation,weekday,Thursday,4575,True,63.2305030301,63.2438083202,-0.0133052901,44.3517429222,43.6800388858,0.671704036355,0.484371584699
4,120,validation,weekday,Tuesday,3600,True,63.3201938071,63.0416020167,0.2785917904,44.8711645362,44.357989069,0.513175467224,0.481388888889
4,120,validation,weekday,Wednesday,3600,True,63.6370080503,72.228784582,-8.5917765317,42.970433084,49.419107804,-6.44867471996,0.498611111111
4,120,validation,weekday_type,weekday,19300,True,63.0658166997,64.7605880344,-1.6947713347,43.9706991994,44.620753293,-0.650054093607,0.477979274611
4,120,validation,weekday_type,weekend,7200,True,49.1129421794,49.6031647511,-0.4902225717,34.1584659754,33.4490895254,0.709376450085,0.46375
4,120,validation,peak_status,evening_peak,3300,True,55.0212350101,57.0740387081,-2.052803698,40.4192288814,41.8930627644,-1.47383388302,0.508181818182
4,120,validation,peak_status,morning_peak,3300,True,75.2952453956,79.5457883595,-4.2505429639,55.330831941,58.6523894913,-3.32155755034,0.501515151515
4,120,validation,peak_status,off_peak,19900,True,57.3404172098,58.0365097179,-0.6960925081,39.1256406461,38.7042206379,0.421420008245,0.46391959799
4,120,validation,weather_condition,Clear,19716,True,58.760956716,59.7144399002,-0.9534831842,40.9745343694,40.9861610994,-0.0116267299882,0.468096977074
4,120,validation,weather_condition,Cloudy,5008,True,60.764880957,62.1433936704,-1.3785127134,41.912214906,42.1532473691,-0.241032463191,0.482028753994
4,120,validation,weather_condition,Fog,176,True,87.9318881672,114.039194283,-26.1073061159,56.676968164,77.0015566016,-20.3245884377,0.630681818182
4,120,validation,weather_condition,Overcast,856,True,51.8566531594,52.3689465613,-0.5122934019,35.2958713193,35.7741611561,-0.478289836762,0.495327102804
4,120,validation,weather_condition,Rain,744,True,72.385627306,76.7132519224,-4.3276246164,49.2429374331,51.9521668909,-2.70922945779,0.518817204301
4,120,validation,actual_congestion,Free-flow,15979,True,38.2332975006,39.7823735546,-1.549076054,27.6846818492,27.3331295983,0.351552250881,0.453908254584
4,120,validation,actual_congestion,Heavy,2553,True,82.8389444667,86.3752687293,-3.5363242626,64.6661500762,67.764751913,-3.09860183687,0.535056795926
4,120,validation,actual_congestion,Moderate,6541,True,71.7523952524,73.6504264953,-1.8980312429,54.0218726799,55.2010476432,-1.17917496325,0.502828313713
4,120,validation,actual_congestion,Severe,1427,True,117.124518391,114.906302594,2.2182157972,93.7296201544,91.9302319685,1.79938818591,0.459705676244
