dimension,dimension_value,row_count,traffic_volume_mean,traffic_volume_median,avg_speed_mean,occupancy_mean,travel_time_mean,accident_observed_rows,accident_positive_rows,accident_positive_rate,congestion_free_flow_rows,congestion_moderate_rows,congestion_heavy_rows,congestion_severe_rows
road_id,NL-001,7248,420.8966610000,365.0000000000,42.5434880000,30.3547320000,3.2177920000,7059,57,0.0080748000,4640,1585,639,384
road_id,NL-002,7248,536.3783110000,477.0000000000,41.9994620000,31.3874030000,1.4175690000,7081,61,0.0086146000,4390,1784,674,400
road_id,NL-003,7248,402.9606790000,366.0000000000,41.2984480000,32.8843680000,3.3989830000,7064,58,0.0082106500,4128,1947,737,436
road_id,NL-004,7248,538.3634110000,489.0000000000,40.8576160000,33.5811950000,1.4142380000,7091,65,0.0091665500,3985,2065,719,479
road_id,NL-005,7248,511.5299390000,468.0000000000,40.7257590000,33.9120450000,1.8178750000,7064,67,0.0094847100,3933,2084,750,481
road_id,NL-006,7248,565.6935710000,518.0000000000,40.8955160000,33.6212470000,3.4139510000,7053,84,0.0119098300,3965,2070,756,457
road_id,NL-007,7248,422.3101550000,361.5000000000,42.8220890000,29.8388660000,1.7726530000,7072,63,0.0089083700,4744,1510,616,378
road_id,NL-008,7248,477.4125280000,406.5000000000,42.9435150000,29.4477920000,5.1186040000,7066,76,0.0107557300,4825,1449,608,366
road_id,NL-009,7248,374.4147350000,341.0000000000,40.8840710000,33.4788770000,3.7131830000,7069,65,0.0091950800,3980,2069,714,485
road_id,NL-010,7248,478.2014350000,409.0000000000,42.8451020000,29.7535180000,5.5252640000,7081,67,0.0094619400,4775,1476,635,362
road_id,NL-011,7248,371.7019870000,315.0000000000,43.2019450000,28.9802700000,5.4036270000,7076,61,0.0086206900,4891,1385,614,358
road_id,NL-012,7248,310.1008550000,286.0000000000,40.9333330000,33.4822430000,4.7020670000,7066,69,0.0097650700,3977,2091,729,451
road_id,NL-013,7248,332.4750280000,302.0000000000,40.8498900000,33.5253310000,3.4678050000,7094,70,0.0098674900,3970,2093,728,457
road_id,NL-014,7248,489.9199780000,412.0000000000,43.3697160000,28.6004970000,2.8669000000,7075,56,0.0079151900,4954,1367,577,350
road_id,NL-015,7248,484.7280630000,447.0000000000,40.7213020000,33.8744620000,2.2661880000,7045,74,0.0105039000,3899,2164,741,444
road_id,NL-016,7248,492.3392660000,431.5000000000,42.0687090000,31.1479720000,3.1530630000,7053,80,0.0113426900,4461,1737,661,389
road_id,NL-017,7248,345.3843820000,291.0000000000,43.2132730000,29.0925220000,2.0633840000,7080,78,0.0110169500,4876,1407,613,352
road_id,NL-018,7248,318.0982340000,285.0000000000,41.9198680000,31.5913770000,5.4100340000,7066,73,0.0103311600,4317,1869,669,393
road_id,NL-019,7248,564.6261040000,513.0000000000,41.0317470000,33.2270560000,4.2428990000,7045,53,0.0075230700,4070,1960,764,454
road_id,NL-020,7248,316.9955850000,266.0000000000,43.2224340000,28.9748210000,4.3914960000,7093,58,0.0081770800,4880,1403,628,337
road_id,NL-021,7248,404.5488410000,355.0000000000,42.4768900000,30.4835400000,4.2967110000,7068,52,0.0073571000,4556,1687,639,366
road_id,NL-022,7248,374.8545810000,313.0000000000,43.2586090000,28.7948540000,4.5542360000,7052,47,0.0066647800,4890,1409,592,357
road_id,NL-023,7248,504.2567600000,441.5000000000,42.3526770000,30.7279800000,2.6894030000,7065,62,0.0087756500,4570,1638,657,383
road_id,NL-024,7248,384.4965510000,331.0000000000,42.8186400000,29.8506070000,4.9007150000,7058,76,0.0107679200,4745,1512,653,338
road_id,NL-025,7248,365.2393760000,305.0000000000,43.2282970000,28.8193710000,3.9367370000,7065,80,0.0113234300,4886,1407,608,347
local_hour,0,7550,162.2108610000,157.0000000000,51.9531520000,11.7248740000,2.5296380000,7365,63,0.0085539700,7550,0,0,0
local_hour,1,7550,162.2082120000,157.0000000000,51.8310330000,11.7341460000,2.5340700000,7364,45,0.0061108100,7550,0,0,0
local_hour,2,7550,163.3909930000,158.0000000000,51.8425560000,11.8106230000,2.5341500000,7358,58,0.0078825800,7550,0,0,0
local_hour,3,7550,166.0968210000,160.0000000000,51.7460130000,12.0452450000,2.5384190000,7386,48,0.0064987800,7550,0,0,0
local_hour,4,7550,173.6508610000,166.0000000000,51.4341190000,12.5657480000,2.5537930000,7373,60,0.0081378000,7550,0,0,0
local_hour,5,7550,209.8083440000,200.5000000000,50.4004770000,15.1763310000,2.6056410000,7361,52,0.0070642600,7547,3,0,0
local_hour,6,7550,345.3870200000,330.0000000000,46.3885170000,24.9587420000,2.8373960000,7362,80,0.0108666100,6579,962,9,0
local_hour,7,7550,630.5892720000,609.0000000000,34.7677090000,45.5136560000,4.0265680000,7363,85,0.0115442100,1354,4295,1680,221
local_hour,8,7550,886.0096690000,867.0000000000,21.9455100000,63.8291130000,7.6292720000,7355,137,0.0186267800,228,1920,2068,3334
local_hour,9,7550,840.1214570000,821.0000000000,24.2534170000,60.6047950000,6.6323380000,7369,115,0.0156059200,276,2248,2585,2441
local_hour,10,7550,595.7792050000,576.0000000000,36.3818810000,43.1686890000,3.7373260000,7370,65,0.0088195400,1612,4773,1066,99
local_hour,11,7550,435.0466230000,420.0000000000,43.3767950000,31.4697620000,3.0368260000,7343,49,0.0066730200,4660,2841,47,2
local_hour,12,7550,396.5891390000,380.0000000000,44.8883710000,28.6853640000,2.9294520000,7368,64,0.0086862100,5811,1719,20,0
local_hour,13,7550,395.8279470000,381.0000000000,44.8574700000,28.6482910000,2.9295630000,7382,54,0.0073150900,5802,1738,10,0
local_hour,14,7550,412.8758940000,396.0000000000,44.2077480000,29.8415500000,2.9741090000,7349,52,0.0070757900,5363,2161,26,0
local_hour,15,7550,482.5552320000,468.0000000000,41.4873250000,34.8460930000,3.1924970000,7373,60,0.0081378000,3468,3971,106,5
local_hour,16,7550,633.4231790000,614.0000000000,34.7475230000,45.7456290000,3.9800720000,7338,72,0.0098119400,1126,4744,1503,177
local_hour,17,7550,794.0747020000,779.0000000000,26.6036950000,57.3926360000,5.6757440000,7379,119,0.0161268500,346,2619,2978,1607
local_hour,18,7550,813.1076820000,794.0000000000,25.6658940000,58.6999600000,5.9732500000,7365,107,0.0145281700,299,2470,2851,1930
local_hour,19,7550,640.9508610000,621.0000000000,34.3830600000,46.1911390000,4.0371850000,7359,66,0.0089686100,1135,4490,1737,188
local_hour,20,7550,408.5325830000,393.0000000000,44.4863970000,29.5938810000,2.9623510000,7356,54,0.0073409500,5332,2183,35,0
local_hour,21,7550,252.9178810000,241.0000000000,49.5528210000,18.3249010000,2.6490050000,7355,44,0.0059823200,7519,31,0,0
local_hour,22,7550,187.5099340000,180.0000000000,51.3418010000,13.5705300000,2.5567500000,7333,49,0.0066821200,7550,0,0,0
local_hour,23,7550,167.7455630000,162.0000000000,51.8398150000,12.1139340000,2.5337470000,7375,54,0.0073220300,7550,0,0,0
day_of_week,Friday,26400,482.2524620000,416.0000000000,40.2832420000,34.7964920000,3.8700130000,25723,260,0.0101076900,14411,6491,3323,2175
day_of_week,Monday,25200,480.2528970000,410.0000000000,40.1569920000,34.4369010000,3.9332090000,24585,229,0.0093146200,13888,6161,3030,2121
day_of_week,Saturday,26400,329.5421210000,280.0000000000,46.2749660000,24.1075270000,2.9094800000,25742,207,0.0080413300,19891,5877,585,47
day_of_week,Sunday,25200,331.6644840000,281.0000000000,46.4423170000,23.9346830000,2.9155350000,24546,179,0.0072924300,18959,5505,666,70
day_of_week,Thursday,26400,473.7807950000,407.0000000000,40.1817200000,34.1982420000,3.8432720000,25752,278,0.0107952800,14644,6602,3133,2021
day_of_week,Tuesday,25200,475.0430560000,409.0000000000,40.1412740000,34.3439840000,3.8459130000,24596,253,0.0102862300,13967,6216,3070,1947
day_of_week,Wednesday,26400,447.7387120000,380.0000000000,41.2346820000,32.3862880000,3.6459030000,25757,246,0.0095508000,15547,6316,2914,1623
weather_condition,Clear,136156,437.3618200000,367.0000000000,42.0623130000,31.5584380000,3.5926740000,132715,1098,0.0082733700,82500,32636,12938,8082
weather_condition,Cloudy,30664,430.3509330000,362.0000000000,42.3865970000,31.1982550000,3.5218470000,29926,228,0.0076187900,18811,7470,2830,1553
weather_condition,Fog,1278,221.6784040000,183.0000000000,45.4146320000,16.2527390000,2.9263380000,1248,44,0.0352564100,1203,70,4,1
weather_condition,Overcast,5988,422.0096860000,353.0000000000,42.9389780000,30.4745660000,3.4845310000,5853,41,0.0070049500,3860,1349,475,304
weather_condition,Rain,7114,370.3793930000,333.0000000000,40.2663760000,27.0654060000,3.4347680000,6959,241,0.0346314100,4933,1643,474,64
public_holiday,no,174000,440.3342240000,373.0000000000,41.7553500000,31.8030100000,3.6055490000,169690,1607,0.0094702100,104489,42807,16706,9998
public_holiday,yes,7200,218.4361110000,185.0000000000,50.4113190000,16.0564310000,2.6156460000,7011,45,0.0064184900,6818,361,15,6
event_flag,no,174000,424.0389940000,357.0000000000,42.3765750000,30.6609980000,3.4850070000,169663,1563,0.0092123800,108209,41402,15873,8516
event_flag,yes,7200,612.2375000000,529.0000000000,35.3983750000,43.6550420000,5.5287420000,7038,89,0.0126456400,3098,1766,848,1488
roadwork_flag,no,168000,440.3327800000,371.0000000000,42.3616950000,31.8108860000,3.5744530000,163825,1560,0.0095223600,101129,40343,16524,10004
roadwork_flag,yes,13200,319.3172730000,278.0000000000,38.7596670000,23.1137200000,3.4613710000,12876,92,0.0071450800,10178,2825,197,0
